,,,,Baka ,Mbuti,Hadza,Dogon,Fulani,Datooga,Iraqw,Nama,Khomani,Ga-Adangbe,SA black,Bandiagara,Kampala,Lusaka,Chaouya,Luo ,Tunisia,Kenyan,Nandi,Nyanza,Shona,Zambian,Zulu
1,A*01:01,B*07:05,C*07:01,,,,,,,,,,,,,,,,,,,,0.002,,0.012,
2,A*01:01,B*07:05,C*15:05,,,,,,,,,,0.003,,,,,,,,,,0.002,,,
3,A*01:01,B*07:09,C*07:02,,,,,,0.031,,,,,,,,,,,,,,,,,
4,A*01:01,B*08:01,C*07:01,,,,,,,,0.014,,,,,0.034,,,,,,,,,,
5,A*01:01,B*08:01,C*07:02,,,,0.011,,0.063,,,0.006,,,,,,,,,,,,,,
6,A*01:01,B*08:01,C*07:04,,,,,,,,,,,,,,,,,,,0.014,0.015,,,
7,A*01:01,B*13:02,C*01:02,,,,,,,,,,,,,,,,,,,0.002,,,,
8,A*01:01,B*13:02,C*06:02,,,,,,,,,,,,,,,,,,,,0.002,,,
9,A*01:01,B*13:02,C*07:01,,,,,,,,,,,,,,,,,,,,,,0.012,
10,A*01:01,B*13:02,C*07:02,,,,,,0.031,,,,,,,,,,,,,,,,,
11,A*01:01,B*13:03,C*06:02,,,,,,,,0.021,,,,,,,,,,,,,,,
12,A*01:01,B*15:03,C*04:01,,,,0.011,,,,,,,,,,,,,,,0.008,0.006,,,
13,A*01:01,B*15:10,C*03:04,,,,0.011,,,,,,,,,,,,,,,,0.004,,,
14,A*01:01,B*15:10,C*04:01,,,,,,,,,0.006,,,,,,,,,,,,,,
15,A*01:01,B*15:10,C*07:02,,,,,,,,,,0.003,,,,,,,,,,,,,
16,A*01:01,B*15:10,C*16:01,,,0.011,,,,,,,,,,,,,,,,,,,,
17,A*01:01,B*15:16,C*14:02,,,,,,,,,,,,,,,,,,,0.010,,,,
18,A*01:01,B*15:220,C*04:01,,,,,,,,0.007,,,,,,,,,,,,,,,
19,A*01:01,B*15:67,C*14:02,,,,,,,,,,,,,,,,0.010,,,,,,,
20,A*01:01,B*27:03,C*08:02,,,,0.011,,,,,,,,,,,,,,,,,,,
21,A*01:01,B*27:07,C*02:02,,,,,,,,0.007,,,,,,,,,,,,,,,
22,A*01:01,B*35:01,C*04:01,,,,,,,,,,,,,,,,,,,,0.002,,,
23,A*01:01,B*35:01,C*07:05,,,,,,,,,,,,,,,,0.005,,,,,,,
24,A*01:01,B*35:01,C*15:02,,,,,,,,,,,,,,,,,,,0.002,,,,
25,A*01:01,B*37:01,C*06:02,,,,,0.036,,,,,,,,,,,,,,0.008,,,,
26,A*01:01,B*40:01,C*08:02,,,,,,,,,,,,,,,,,,,,,0.002,,
27,A*01:01,B*41:01,C*07:01,,,,,,,,,,,,,,,,,,0.005,,,,,
28,A*01:01,B*41:01,C*17:01,,,,,,,,,,,,,,,,,,,,0.002,,,
29,A*01:01,B*41:02,C*06:02,,,,,,,,0.007,,,,,,,,,,,,,,,
30,A*01:01,B*42:02,C*17:01,,,,,,,,,,,,,,,,,,,,,,,0.006
31,A*01:01,B*44:15,C*04:01,,,,,,,,,,,,,,,,,,,0.004,0.002,,,
32,A*01:01,B*45:01,C*04:01,,,,,,,,,,,,,,,,,,,0.004,0.004,,,
33,A*01:01,B*45:01,C*06:02,,,,,,,,,,,,,,,,,,,0.004,0.004,,,
34,A*01:01,B*45:01,C*06:11,,,,,,,,,,,,,,,,0.005,,,,,,,
35,A*01:01,B*45:01,C*16:01,,,,,,,,,,,,,,,0.021,,,,0.002,,,,
36,A*01:01,B*49:01,C*07:01,,,,,,,,,,,,,,,,,,0.010,0.009,0.002,,,
37,A*01:01,B*50:01,C*06:02,,,,,,,,,,,,,,,0.050,,,,,,,,
38,A*01:01,B*51:01,C*16:01,,,,,0.036,,,,,,,,,,,0.005,,,,,,,
39,A*01:01,B*52:01,C*16:01,,,,,0.036,,,,,,,,,,,,,,,,,,
40,A*01:01,B*53:01,C*04:01,,,0.011,,,,,,,,,,,,,,,,0.017,,,,
41,A*01:01,B*57:01,C*03:02,,,,,,,,,0.006,,,,,,,,,,,,,,
42,A*01:01,B*57:01,C*06:02,,,,,,,,,,,,,0.012,,0.021,,0.120,,,,,,
43,A*01:01,B*57:01,C*07:01,,,,,,,,0.007,,,,,,,,,,,0.002,0.008,,0.012,
44,A*01:01,B*57:03,C*07:01,,,,,,,,,,,,,,,,,,,0.004,,,,
45,A*01:01,B*57:04,C*04:01,,,,,,,,,,0.003,,,,,,,,,,,,,
46,A*01:01,B*58:01,C*03:02,,,,,,,,,,,,,,,,0.005,,,0.013,0.004,,,
47,A*01:01,B*58:01,C*06:02,,,,,,,0.050,,,,,,,,,,,,,,,,
48,A*01:01,B*58:01,C*07:01,,,,,,,,,,,,,,,,,,,,,0.002,,
49,A*01:01,B*58:02,C*06:02,,,,,,,,,,,,,,,,,,0.005,,,,,
50,A*01:01,B*81:01,C*04:01,,,,,,,,,,,,,,,,,,,0.002,,,,
51,A*01:01,B*81:01,C*18:01,,,,,,,,,,,,,,,,0.015,,0.010,0.013,0.017,,,0.024
52,A*01:02,B*44:03,C*17:01,,,0.161,,,,,,,,,,,,,,,,,,,,
53,A*01:02,B*47:01,C*06:02,,,,,,,,,,,,,,,,,,,0.008,,,,
54,A*01:02,B*49:01,C*07:01,,,,,0.036,,,,,,,,,,,,,,0.002,,,,
55,A*01:02,B*57:03,C*07:01,,,,,,,,,,,,,,,,,,,,0.002,,,
56,A*01:02,B*58:01,C*03:02,,,,,,,,,,,,,,,,,,,0.017,,,,
57,A*01:02,B*58:02,C*03:02,,,,,,,,,,,,,,,,,,,,0.002,,,
58,A*01:02,B*78:01,C*16:01,,,,,,,,,,0.003,,,,,,,,,,,,,
59,A*01:03,B*07:02,C*07:02,,,,,,0.031,,,,,,,,,,,,,,,,,
60,A*01:03,B*18:01,C*15:152,,,,,,,,0.014,,,,,,,,,,,,,,,
61,A*01:03,B*18:03,C*07:04,,,,,,,,,0.006,,,,,,,,,,,,,,
62,A*01:03,B*35:34,C*06:02,,,,,,,,,,,,,,,,,,0.005,,,,,
63,A*01:03,B*41:01,C*17:01,,,,,,,,,,,,,,,,,,,0.006,,,,
64,A*01:03,B*53:01,C*04:01,,,,,,,,,,,,,,,,,,,0.002,,,,
65,A*01:03,B*57:03,C*07:01,,,,,,,,,,,,,,,,,,,0.008,,,,
66,A*01:03,B*58:01,C*07:01,,,,,,,,,,,,,,,,0.005,,,,,,,
67,A*01:06,B*57:03,C*18:01,,,,,,,,,,,,,,,,,,0.005,,,,,
68,A*01:07,B*35:02,C*07:01,,,,,,,,0.007,,,,,,,,,,,,,,,
69,A*01:09,B*44:15,C*04:07,,,,,,,,,,,,,,,,0.005,,,,,,,
70,A*01:23,B*44:03,C*02:10,,,,,,,,0.014,,,,,,,,,,,,,,,
71,A*02:01,B*07:02,C*04:01,,,,,,,,,,,,,,,,0.005,,,,,0.005,,
72,A*02:01,B*07:02,C*07:02,,,,,,,,0.007,,,,,,,,,,,,,,,
73,A*02:01,B*07:05,C*15:05,,,,,,,,,,,,,,,,0.005,,,,,,,
74,A*02:01,B*08:01,C*06:02,,,,,,,,,,,,,,,,,,,0.010,,,,
75,A*02:01,B*08:01,C*07:01,,,,,,,,,,,,,0.012,,,,,,0.006,,,0.012,
76,A*02:01,B*13:02,C*06:02,,,,,,0.031,,,,,,,,,,,,,,,,,
77,A*02:01,B*14:01,C*08:02,,,,,,,,0.007,,,,,,,,,,,,,,,
78,A*02:01,B*14:02,C*05:32,,,,,,0.031,,,,,,,,,,,,,,,,,
79,A*02:01,B*14:02,C*08:02,,,,,,,,0.007,,,,,,,,,,,,,,,
80,A*02:01,B*14:02,C*08:02,,,,,,,,,,,,,0.016,,,,,,0.002,,,,
81,A*02:01,B*15:03,C*02:02,,,,,,,,,,,,,,,,,,,0.011,0.034,0.019,,
82,A*02:01,B*15:03,C*02:10,,,,,,,,,,,,,,,,0.015,,,,,,,
83,A*02:01,B*15:03,C*04:01,,,,,,,,,0.006,,,,,,,,,,,,,,
84,A*02:01,B*15:10,C*03:04,,,,,,,,,,0.018,,,,0.023,,0.005,,0.010,,0.002,,0.023,
85,A*02:01,B*15:10,C*07:02,,,,,,,,,,,,,,,,,,0.005,,,,,
86,A*02:01,B*15:10,C*08:01,,,,,,,,,,,,,,,,,,,,,,,0.006
87,A*02:01,B*15:16,C*14:02,,,,,,,,,,0.018,,,,,,,,,,,,,
88,A*02:01,B*15:16,C*14:03,,,,,,,,,,,,,,,,,,,,,0.002,,
89,A*02:01,B*15:16,C*16:01,,,,,,,,,,,,,,,,,,,,,0.002,,
90,A*02:01,B*15:17,C*05:01,,,,,,,,,,,,,,,,,,,0.004,,,,
91,A*02:01,B*15:17,C*07:01,,,,,,,,,,,,,,,,,,,0.004,,,,
92,A*02:01,B*15:18,C*04:01,,,,,,,,,,,,,,,,,,,,0.002,,,
93,A*02:01,B*15:18,C*16:01,,,,,,,,,,,,,,,,,,,,,,0.012,
94,A*02:01,B*15:268,C*14:02,,,,0.011,,,,,,,,,,,,,,,,,,,
95,A*02:01,B*18:01,C*03:02,,,,,,,,,,,,,,,,,,0.005,,,,,
96,A*02:01,B*18:01,C*05:01,,,,,,,,0.007,,,,,,,,,,,,,,,
97,A*02:01,B*18:01,C*07:01,,,,,,,,,,,,,0.012,,,,,0.005,,,,,
98,A*02:01,B*18:01,C*07:04,,,,,,,,,,,,,,,,,,,0.015,,,,
99,A*02:01,B*18:01,C*15:05,,,,,,,,,,,,,,,,0.005,,,,,,,
100,A*02:01,B*18:25,C*05:01,,,,,,,,,,0.003,,,,,,,,,,,,,
101,A*02:01,B*27:03,C*02:02,,,,,,,,,,,,,,,,,,0.015,,0.002,,,
102,A*02:01,B*27:05,C*02:02,,,,,,,,,,,,,,,,,,,,0.002,,,
103,A*02:01,B*35:01,C*04:01,,,,0.011,,,,,,0.009,,0.012,,,,,,,,,0.002,,
104,A*02:01,B*35:01,C*07:01,,,,,,,,,,,,,,,,,,,,0.002,,,
105,A*02:01,B*35:01,C*08:02,,,,,,,,,,,,,,,,,,0.005,,,,,
106,A*02:01,B*35:01,C*15:02,,,,,,,,,,,,,,,,,,,,0.002,,,
107,A*02:01,B*35:02,C*04:01,,,,,,,,,,,,,,,,,,,,,0.002,,
108,A*02:01,B*35:02,C*04:71,,,,,,,,0.014,,,,,,,,,,,,,,,
109,A*02:01,B*35:20,C*04:01,,,,,,,,,,,,,,,,,,,,,0.002,,
110,A*02:01,B*39:01,C*07:01,,,,,,,,,,,,,,,,,,,,0.004,,,
111,A*02:01,B*39:02,C*12:03,,0.031,,,,,,,,,,,,,,,,,,,,,
112,A*02:01,B*39:03,C*07:01,,,,,,,,,,,,,,,,,,,,0.002,,,
113,A*02:01,B*39:10,C*12:03,,,,,,,,,,,,,,,,,,,0.006,,,,
114,A*02:01,B*41:01,C*16:01,,,,,,,,,,,,,,,,,,0.005,,,,,
115,A*02:01,B*41:01,C*17:01,,,,,,,,,,,,,,,,,,,0.010,,,,
116,A*02:01,B*41:01,C*17:03,,,,,,,,,0.006,,,,,,,,,,,,,,
117,A*02:01,B*42:01,C*02:02,,,,,,,,,,,,,,,,,,,,0.002,,,
118,A*02:01,B*42:01,C*17:01,,,,0.011,,,,,,,,,,,,0.020,,,0.008,0.014,,,0.017
119,A*02:01,B*42:02,C*17:01,,,,,,,,,,0.003,,,,,,,,,,,,,
120,A*02:01,B*44:02,C*02:02,,,,,,,,0.007,,,,,,,,,,,,,,,
121,A*02:01,B*44:02,C*05:01,,,,,,,,,,,,,0.019,,0.042,,,,,,,,
122,A*02:01,B*44:03,C*02:02,,,,,,,,,0.006,,,,,,,,,,,,,,
123,A*02:01,B*44:03,C*04:01,,,,,,,,,,0.012,,,,,,,,,,,0.003,,
124,A*02:01,B*44:03,C*14:03,,,,,,,,,,,,,,,,,,0.005,,,,,
125,A*02:01,B*44:03,C*16:01,,,,,,,,,,,,,,,,,0.030,,,,,,
126,A*02:01,B*44:05,C*03:03,,,,,,,,,,,,,,,,,,,,,,0.012,
127,A*02:01,B*45:01,C*04:01,,,,,,,,,,,,,,,,,,,,0.002,,,
128,A*02:01,B*45:01,C*06:02,,,,,,,,,,,,,,,,,,0.005,0.002,,,,
129,A*02:01,B*45:01,C*16:01,,,,0.011,,,,,,0.003,0.011,0.035,0.019,0.023,,0.025,,0.005,0.010,0.013,0.022,0.023,0.014
130,A*02:01,B*45:02,C*16:01,0.028,,,,,,,,,,,,,,,,,,,,,,
131,A*02:01,B*47:03,C*07:01,,,,,,,,,,,,,,,,,,,,0.002,,,
132,A*02:01,B*49:01,C*03:04,,,0.011,,,,,,,,,,,,,,,,,,,,
133,A*02:01,B*49:01,C*07:01,,,0.011,,,,,,,,,,,,,0.005,,,0.002,,0.005,0.012,
134,A*02:01,B*50:01,C*06:02,,,,,,,,,,,,,,,0.065,,0.030,,,,,,
135,A*02:01,B*51:01,C*02:02,,,,,,,,,,,,,0.012,,,,,,,,,,
136,A*02:01,B*51:01,C*16:01,,,,,,,,0.007,,,,,,0.023,,0.010,,,0.004,0.009,0.002,0.023,
137,A*02:01,B*51:01,C*16:02,,,,,,,,,,,,,,,,,,0.005,0.004,,,,
138,A*02:01,B*51:01,C*16:46,,,,,,,,,,,,,,,,0.005,,,,,,,
139,A*02:01,B*51:01,C*17:01,,,,,,,,,,0.003,,,,,,,,,,,,,
140,A*02:01,B*51:01,C*17:03,,,,,,,,,0.006,,,,,,,,,,,,,,
141,A*02:01,B*51:09,C*07:18,,,,0.011,,,,,,,,,,,,,,,,,,,
142,A*02:01,B*51:09,C*18:02,,,,0.011,,,,,,,,,,,,,,,,,,,
143,A*02:01,B*52:01,C*16:01,,,,,,,,,,0.048,,,,,,,,,,,,,
144,A*02:01,B*53:01,C*02:02,,,,,,,,,,,,,,,,,,,,0.002,,,
145,A*02:01,B*53:01,C*04:01,,,0.011,,,,,,,,,,0.012,,,0.030,,,0.002,0.009,0.009,0.012,
146,A*02:01,B*53:01,C*15:05,,,,,,,,,,,,,,,,,,,0.004,,,,
147,A*02:01,B*53:01,C*16:01,,,,,,,,,,,,,,,,,,,,,0.002,,
148,A*02:01,B*57:03,C*07:01,,,,,,,,,,,,,,,,,,,0.010,,0.004,,
149,A*02:01,B*57:03,C*08:02,,,,,,,,,,,,,,,,0.005,,,,,,,
150,A*02:01,B*57:03,C*18:01,,,,,,,,,,,,,,,,,,,,,0.002,,
151,A*02:01,B*58:01,C*03:02,,,,,,,,,,,,,,,,,,0.005,,0.006,0.002,,
152,A*02:01,B*58:01,C*03:05,,,,,,,,,,0.003,,,,,,,,,,,,,
153,A*02:01,B*58:01,C*07:01,,,,,,,,,,,,,,,,0.005,,,,,,,
154,A*02:01,B*58:01,C*07:04,,,,,,,,,,,,,,,,,,,,0.004,,,
155,A*02:01,B*58:02,C*02:02,,,,,,,,,,,,,,,,,,,,0.002,,,
156,A*02:01,B*73:01,C*15:05,,,,,,,,,,,,,,,,,,,0.002,,,,
157,A*02:01,B*81:01,C*08:01,,,,,,,,,,,,,,,,,,,,,0.002,,
158,A*02:01,B*82:02,C*03:02,,,,,,,,,,,,,,,,0.005,,,,,,,
159,A*02:02,B*07:02,C*07:02,,0.063,,0.011,,,,,,0.009,,,,,,,,,0.002,,,0.012,
160,A*02:02,B*07:05,C*07:02,,,,,,,,,0.013,,,,,,,,,,,,,,
161,A*02:02,B*08:01,C*07:01,,,,,,,,,,,,,,,,0.005,,,,,,,
162,A*02:02,B*14:01,C*02:02,,,,,,,,,,,,,,,,,,,,0.006,,,
163,A*02:02,B*14:01,C*05:01,0.056,,,,,,,,,,,,,,,,,,,,,,
164,A*02:02,B*14:02,C*08:02,,,,,,,,,,,,,,,,,,,,0.002,,,
165,A*02:02,B*14:03,C*08:02,,,,0.011,,,,,,,,,,,,,,,,,,,
166,A*02:02,B*15:03,C*02:02,,,,,,,,,,,,,,,,,,,0.025,,,,
167,A*02:02,B*15:03,C*02:10,,,,0.011,,,,,,,,,,,,,,,,,,,
168,A*02:02,B*15:03,C*04:01,,,,,,,,,0.006,,,,,,,,,,,,,,
169,A*02:02,B*15:10,C*02:10,,,,0.011,,,,,,,,,,,,,,,,,,,
170,A*02:02,B*18:01,C*02:02,,,,,,,,,,,,,,,,,,,,,,,0.006
171,A*02:02,B*18:01,C*03:04,,,,0.011,,,,,,,,,,,,,,,,,,,
172,A*02:02,B*18:01,C*05:01,,,,,,,,,,,,,,,,,,0.005,,0.002,0.002,,
173,A*02:02,B*18:01,C*07:04,,,,,,,,,,,,,,,,,,,,,0.005,,
174,A*02:02,B*35:01,C*02:10,,,,,,,,0.007,,,,,,,,,,,,,,,
175,A*02:02,B*35:01,C*04:01,,,,,,,,,,0.012,,,,,,,,,,0.002,,,
176,A*02:02,B*35:02,C*02:10,,,,,,,,0.007,,,,,,,,,,,,,,,
177,A*02:02,B*37:01,C*03:02,,0.031,,,,,,,,,,,,,,,,,,,,,
178,A*02:02,B*39:10,C*07:02,,,,,,,,,,0.003,,,,,,,,,,,,,
179,A*02:02,B*39:10,C*12:03,,,,,,,,,,,,,,,,,,,,,,,0.006
180,A*02:02,B*41:01,C*17:01,,,,,,,,,,,,,,,,,,,0.004,,,,
181,A*02:02,B*42:01,C*17:01,,,,,,,,,,0.012,,,,,,,,,,,,,
182,A*02:02,B*44:03,C*03:03,,,,,,,,,,,,,,,,,,,,,0.002,,
183,A*02:02,B*44:03,C*14:03,,,,,,,,,,,,,,,,0.005,,,,,,,
184,A*02:02,B*45:01,C*16:01,,,,,,,,,,0.003,,,,,,,,,,,,0.012,
185,A*02:02,B*51:01,C*16:01,,,,,,,,0.007,,,,,,,,,,0.005,,,,,
186,A*02:02,B*51:01,C*16:02,,,,,,,,,,,,,,,,,,,0.008,,,,
187,A*02:02,B*51:01,C*18:01,,,,,,,,,,,,,,,,,,,,,0.002,,
188,A*02:02,B*52:01,C*16:01,,,,,,,,,,0.009,,,,,,,,,,,,,
189,A*02:02,B*53:01,C*02:10,,,,0.011,,,,,,,,,,,,,,,,,,,
190,A*02:02,B*53:01,C*04:01,,,,0.045,,,,,,0.018,,0.030,,,,,,,,0.004,0.019,,
191,A*02:02,B*53:01,C*07:02,,,,,,,,0.007,,,,,,,,,,,,,,,
192,A*02:02,B*53:01,C*16:01,,,,,,,,,,0.003,,,,,,,,,,,,,
193,A*02:02,B*57:02,C*07:01,,,,,,,,,0.013,,,,,,,,,,,,,,
194,A*02:02,B*57:03,C*07:01,,,,,,,,,0.006,,,,,,,,,,,,,,0.012
195,A*02:02,B*57:03,C*17:01,,,,,,,,,,,,,,,,,,0.005,,,,,
196,A*02:02,B*58:01,C*06:01,,,,,,0.031,,,,,,,,,,,,,,,,,
197,A*02:02,B*58:01,C*06:02,,,,,,,,,,,,,,,,,,0.015,,,,,
198,A*02:02,B*58:01,C*07:01,,,,,,,,,,,,,,,,,,,,,0.002,,
199,A*02:02,B*58:01,C*18:01,,,,,,,,,,,,,,,,,,,,0.002,,,
200,A*02:02,B*58:02,C*06:02,,0.031,,,,,,0.007,0.006,,,,0.019,,,0.010,,0.015,0.027,0.013,0.002,,
201,A*02:02,B*78:01,C*16:01,,,,0.011,,,,,,,,,,,,,,,,,,,
202,A*02:02,B*81:01,C*08:01,,,,,,,,,,,,,,,,,,,,,0.002,,
203,A*02:02,B*82:02,C*03:02,,,,,,,,,,,,,,,,0.005,,,,,,,
204,A*02:04,B*45:01,C*15:05,,,,,,,,,,,,,,,,,,0.005,,,,,
205,A*02:04,B*53:01,C*16:01,,,,,,,,,,,,,,,,,,0.005,,,,,
206,A*02:05,B*07:05,C*07:04,,,,,,,,,0.006,,,,,,,,,,,,,,
207,A*02:05,B*07:05,C*12:03,,,,,,,,,,0.003,,,,,,,,,,,,,
208,A*02:05,B*07:06,C*07:02,,,,,,,,,0.013,,,,,,,,,,,,,,
209,A*02:05,B*08:01,C*07:01,,,,,,,,,,,,,,,,,,,0.002,,,,
210,A*02:05,B*14:01,C*08:04,,,,,,,,0.014,0.026,,,,,,,,,,,,,,
211,A*02:05,B*14:02,C*04:01,,,,,,,,,,,,,,,,,,,0.002,,,,
212,A*02:05,B*15:03,C*02:02,,,,,,,,,,,,,,,,,,,0.008,,,,
213,A*02:05,B*15:10,C*03:04,,,,,,,,,,,,,,,,,,0.005,,,0.001,,
214,A*02:05,B*15:10,C*08:01,,,,,,,,,,,,,,,,,,,,,0.010,,
215,A*02:05,B*18:01,C*02:02,,,,,,,,,,0.003,,,,,,,,,,,,,
216,A*02:05,B*18:01,C*05:01,,,,,,,,,,,,,,,,,,,0.004,,,,
217,A*02:05,B*18:01,C*07:02,,,,,,0.031,,,,,,,,,,,,,,,,,
218,A*02:05,B*18:01,C*07:04,,,,,,,,,,,,,,,,,,,0.012,0.011,,,
219,A*02:05,B*27:01,C*02:02,,,,,,,,,0.006,,,,,,,,,,,,,,
220,A*02:05,B*27:03,C*02:02,,,,,,,,,,,,,,,,,,,0.006,,,,
221,A*02:05,B*35:01,C*04:01,,,,0.011,,,,,,,,,,,,,,,,,0.002,,
222,A*02:05,B*40:12,C*04:04,,,,,,,,,,,,,,,,,,,0.006,,,,
223,A*02:05,B*41:02,C*07:01,,,,,,,,,,,,,,,,,,,,0.002,,,
224,A*02:05,B*42:01,C*17:01,,,,,,,,,,,,,,,,,,0.005,0.003,,0.003,,
225,A*02:05,B*44:03,C*04:07,,,,,,,,,,,,,,,,,,,,,,,0.006
226,A*02:05,B*44:03,C*07:01,,,,,,,,,,,,,,,,,,,,,,,0.006
227,A*02:05,B*44:03,C*07:14,,,,,,,,,,,,,,,,,,,,,,,0.006
228,A*02:05,B*45:01,C*12:03,,,,,,,,,,0.003,,,,,,,,,,,,,
229,A*02:05,B*45:01,C*16:01,,,,,,,,,,0.009,,,,,,,,,,,,,0.006
230,A*02:05,B*50:01,C*06:02,,,,0.011,,,,,,,,,,,,,,,,,,,
231,A*02:05,B*51:01,C*16:01,,,,,,,,,,,,,,,,,,,0.023,,,,
232,A*02:05,B*51:01,C*16:02,,,,,,,,,,,,,,,,,,,,0.002,,,
233,A*02:05,B*53:01,C*04:01,,,,,,,,,,,,,,,,0.005,,,,,,,
234,A*02:05,B*57:03,C*07:01,,,,,,,,,,,,,,,,,,0.005,,,0.002,,
235,A*02:05,B*57:03,C*17:01,,,,,,,,,,,,,,,,,,0.005,,,,,
236,A*02:05,B*58:01,C*06:02,,,,,,,,,,,,,,,,,,,0.002,,0.002,,
237,A*02:05,B*58:01,C*07:01,,,,,,,,,0.006,,0.011,,,,,0.015,,,0.015,0.013,0.012,,0.006
238,A*02:05,B*58:01,C*07:18,,,,,,,,,,,0.022,,,,,,,,,,,,
239,A*02:05,B*58:02,C*06:02,,,,,,,0.050,,,,,,,,,,,,,,,,
240,A*02:05,B*82:01,C*03:02,,,,,,,,,,,,,,,,,,,0.002,,,,
241,A*02:06,B*13:01,C*03:03,,,,,,,,,,,,,,,,,,,,,,0.012,
242,A*02:06,B*18:01,C*02:02,,,,,,,,,,0.003,,,,,,,,,,,,,
243,A*02:10,B*15:10,C*04:07,,,,,,,,,,,,,,,,,,,,,,,0.006
244,A*02:10,B*42:01,C*17:01,,,,,,,,,,,,,,,,,,,,,,,0.006
245,A*02:14,B*08:01,C*07:01,,,,,,,,,,,,,,,,,,,0.004,,,,
246,A*02:14,B*18:01,C*04:01,,,,,,0.031,,,,,,,,,,,,,,0.002,,,
247,A*02:14,B*18:03,C*04:01,,,,,,,,,,,,,,,,0.005,,,,0.006,,0.012,
248,A*02:14,B*41:01,C*17:01,,,,,,,,,,,,,,,,,,0.005,,,,,
249,A*02:14,B*44:03,C*17:01,,,0.023,,,,,,,,,,,,,,,,,,,,
250,A*02:14,B*58:01,C*03:02,,,,,,,,,,,,,,,,0.005,,,,,,,
251,A*02:14,B*58:01,C*06:02,,,,,,,,,,,,,,,,,,,0.004,0.002,,,
252,A*02:14,B*58:01,C*07:01,,,,,,,,,,,,,,,,,,,,0.002,,,
253,A*02:14,B*58:02,C*06:02,,,,,,,,,,,,,,,,,,,,0.002,,,
254,A*02:17,B*15:10,C*02:02,,,,,,,,,,,,,,,,,,,,,0.002,,
255,A*02:24,B*42:01,C*04:01,,,,,,,,,,,,,,,,,,0.005,,,,,
256,A*02:25,B*07:02,C*07:02,,,,,,,,,,0.003,,,,,,,,,,,,,
257,A*02:25,B*39:03,C*07:01,,,,,,,,,,,,,,,,,,,,0.004,,,
258,A*02:26,B*40:01,C*04:01,,,,,,,,,0.006,,,,,,,,,,,,,,
259,A*02:34,B*07:02,C*17:01,,,,,,,,,,,,,,,,,,0.005,,,,,
260,A*02:34,B*42:01,C*04:01,,,,,,,,,,,,,,,,,,0.005,,,,,
261,A*02:35,B*07:02,C*07:02,,0.031,,,,,,,,,,,,,,,,,,,,,
262,A*02:35,B*35:01,C*04:01,,0.031,,,,,,,,,,,,,,,,,,,,,
263,A*02:35,B*45:01,C*04:01,0.028,,,,,,,,,,,,,,,,,,,,,,
264,A*02:448,B*47:03,C*07:01,,,,,,,,,,,,,,,,0.005,,,,,,,
265,A*03:01,B*07:02,C*07:01,,,,,,,,,,0.003,,,,,,,,,,,,,
266,A*03:01,B*07:02,C*07:02,,,,,,,,,0.013,,,,,,,,,,,,,,
267,A*03:01,B*07:02,C*15:05,,,,,,,,,,0.003,,,,,,,,,,,,,
268,A*03:01,B*07:05,C*07:02,,,,,,,,,0.006,,,,,,,,,,,,,,
269,A*03:01,B*07:05,C*15:05,,,,,,,,,,,,,,,,,,,0.002,,,,
270,A*03:01,B*08:01,C*07:01,,,,,,,,,,,,,,,,,,,,,,0.012,
271,A*03:01,B*08:01,C*07:02,,,,,,,,,,,,,,,,,,,,,,,0.018
272,A*03:01,B*08:05,C*07:02,,,,,,,,,,,,,,,,,,,,,0.002,,
273,A*03:01,B*13:02,C*06:02,,,,,,,,,0.006,,,,,,,,,,,,,,
274,A*03:01,B*13:03,C*06:02,,,,,,,,0.007,,,,,,,,,,,,,,,
275,A*03:01,B*13:03,C*12:04,,,,,,,,0.007,,,,,,,,,,,,,,,
276,A*03:01,B*14:01,C*08:02,,,,,,0.031,,,,,,,,,,,,,,,,,
277,A*03:01,B*14:01,C*08:04,0.028,,,,,,,,,,,,,,,,,,,,,,
278,A*03:01,B*14:02,C*08:02,,,,,,,,,,0.003,,,,,,,,0.005,0.002,,,,
279,A*03:01,B*15:01,C*02:02,0.028,,,,,,,,,,,,,,,,,,,,,,
280,A*03:01,B*15:01,C*03:04,,,,,,,,0.007,0.006,,,,,,,,,,,,,0.012,
281,A*03:01,B*15:03,C*02:02,,,0.023,,,,,,,,,0.012,,,,,,,,0.002,0.007,0.012,0.006
282,A*03:01,B*15:03,C*02:10,,,,0.023,,,,,,,,,,,,0.005,,,,,,,
283,A*03:01,B*15:03,C*04:01,,,,,,,,,,,,,,,,,,,0.004,,,,
284,A*03:01,B*15:10,C*02:02,,,,,,,,,0.006,,,,,,,,,,,,,,
285,A*03:01,B*15:10,C*03:04,,,,,,,,,,,,,,,,,,,,,0.010,,0.006
286,A*03:01,B*15:16,C*14:02,,,,,,,,,,0.003,,,,,,,,,,,,,
287,A*03:01,B*15:18,C*14:02,,,,0.011,,,,,,,,,,,,,,,,,,,
288,A*03:01,B*18:01,C*02:02,,,,,,,,,,,,,,,,,,,,,0.002,,
289,A*03:01,B*18:01,C*05:01,,,,,,,,,,0.003,,,,,,,,,,,,,
290,A*03:01,B*18:01,C*06:02,,,,,,,,,,,,,,,,,,,,,,0.012,0.006
291,A*03:01,B*18:01,C*07:01,,,,,,,,,,,,,,,,,,,,0.006,,,
292,A*03:01,B*27:01,C*02:02,0.056,,,,,,,,,,,,,,,,,,,,,,
293,A*03:01,B*27:03,C*02:02,,,,,,,,,,,,,,,,,,,,0.002,,,
294,A*03:01,B*35:01,C*04:01,,,,0.023,,,,,,0.027,,,,,,,,,,,,,
295,A*03:01,B*35:01,C*06:02,,,,,,,,,,,,,,,,,,,,,0.002,,
296,A*03:01,B*35:01,C*07:01,,,,,,,,,,,,,,,,,,0.005,,,,,
297,A*03:01,B*35:01,C*07:05,,,,,,,,,,,,,,,,,,,,0.002,,,
298,A*03:01,B*35:01,C*15:05,,,,,,,,,,,,,,,,,,,,0.002,,,
299,A*03:01,B*39:10,C*12:03,,,,,,,,,,,,,,,,,,0.005,,,,,
300,A*03:01,B*39:10,C*17:01,,,,,,,,,,0.003,,,,,,,,,,,,,
301,A*03:01,B*40:06,C*06:02,,,,,0.036,,,,,,,,,,,,,,,,,,
302,A*03:01,B*41:02,C*07:01,,,,,,,,,,,,,,,,,,,0.002,0.004,,,
303,A*03:01,B*42:01,C*17:01,,,,,,,,,,0.009,,,,,,,,,,,,,
304,A*03:01,B*44:02,C*05:01,,,,,,,,0.007,,,,,,,,,,,,,,,
305,A*03:01,B*44:03,C*03:03,,,,,,,,,,0.003,,,,,,,,,,,,,
306,A*03:01,B*44:03,C*04:01,,,,,,,,,,0.021,,,,,,,,,,,,,
307,A*03:01,B*44:15,C*04:01,,,,,,,,,,,,,,,,,,,0.002,,,,
308,A*03:01,B*45:01,C*16:01,,,,,,,,,,,,,,,,,,,,0.002,,,
309,A*03:01,B*47:01,C*06:02,,,,,,,,,,,,,,,,,,,0.004,,,,
310,A*03:01,B*47:01,C*07:01,,,,,,,,,,,,,,,,,,0.005,,,,,
311,A*03:01,B*47:03,C*07:01,,,,,,,,,,,,,,,,0.005,,,,,,,
312,A*03:01,B*49:01,C*07:01,,,,,,,,,,,,0.019,,,,,,0.019,,0.002,,,
313,A*03:01,B*49:01,C*07:03,,,0.011,,,,,,,,,,,,,,,,,,,,
314,A*03:01,B*50:01,C*07:01,,,,,,,,,,,,,,,,,,,,,0.002,,
315,A*03:01,B*51:01,C*02:02,,,,,,,,,,,,,,,,,,,,,,0.012,
316,A*03:01,B*51:02,C*16:01,0.028,,,,,,,,,,,,,,,,,,,,,,
317,A*03:01,B*53:01,C*06:02,,,,,,,,,,0.003,,,,,,0.005,,,,,0.005,,
318,A*03:01,B*57:01,C*07:01,,,,,,,,,,0.003,,,,,,,,,,,,,
319,A*03:01,B*57:03,C*06:01,,,,,,0.031,,,,,,,,,,,,,,,,,
320,A*03:01,B*57:04,C*18:01,,,,,,,,,,0.018,,,,,,,,,,,,,
321,A*03:01,B*58:01,C*06:02,,0.031,,,,,,,,,,,,,,,,0.005,,,,,0.006
322,A*03:01,B*58:01,C*07:02,,,,,,0.031,,,,,,,,,,,,,,,,,
323,A*03:01,B*58:02,C*06:02,,,,,,,,,0.026,0.003,0.022,,,,,,,,0.010,0.013,0.012,,
324,A*03:01,B*58:02,C*12:04,,,,,,,,,,,,,,,,,,,,,,,0.006
325,A*03:01,B*78:01,C*02:10,,,,0.011,,,,,,,,,,,,,,,,,,,
326,A*03:01,B*81:01,C*04:01,,,,,,,,,,,,,,,,,,0.010,,,,,
327,A*03:01,B*81:01,C*06:02,,,,,,,,,,,,,,,,,,,,0.002,,,
328,A*03:01,B*81:01,C*08:04,,,,,,,,,,,,,,,,,,,0.004,,,,
329,A*03:03,B*44:03,C*04:01,,,0.011,,,,,,,,,,,,,,,,,,,,
330,A*11:01,B*13:03,C*06:02,,,,,,,,,0.006,,,,,,,,,,,,,,
331,A*11:01,B*35:01,C*07:01,,,,,,,,,0.006,,,,,,,,,,,,,,
332,A*11:01,B*39:10,C*06:02,,,,,,,,,0.006,,,,,,,,,,,,,,
333,A*11:01,B*39:10,C*15:02,,,,,,,,0.007,,,,,,,,,,,,,,,
334,A*11:01,B*44:04,C*16:01,,,,,,,,0.014,,,,,,,,,,,,,,,
335,A*11:03,B*18:03,C*12:03,,,,,,,,0.007,,,,,,,,,,,,,,,
336,A*23:01,B*07:02,C*07:02,,,,0.068,,,,,,0.018,,0.024,,,,,,,0.002,0.004,0.006,,
337,A*23:01,B*07:02,C*15:04,,,,,,,,,,0.003,,,,,,,,,,,,,
338,A*23:01,B*07:02,C*15:05,,,,,,,,,,0.003,,,,,,,,,,,,,
339,A*23:01,B*07:06,C*07:02,,,,0.011,0.036,,,,,,,,,,,,,,,,,,
340,A*23:01,B*07:17,C*07:02,,,,,,,,,,,,,,,,,,0.005,,,,,
341,A*23:01,B*08:01,C*03:04,,,,,,,,,,,,,,,,,,,0.004,,0.002,,0.006
342,A*23:01,B*08:01,C*06:02,,,,,,,,,,,,,,,,,,,,,,0.012,
343,A*23:01,B*08:01,C*07:01,,,,,,,,,,,,,,,,,,,,,0.005,,0.006
344,A*23:01,B*08:05,C*07:01,,,,,,,,,,,,,,,,,,,,,0.001,,
345,A*23:01,B*13:02,C*06:02,,,,,,,,,,,,,,,,,,,,,0.002,,
346,A*23:01,B*13:02,C*18:01,,,,,,,,,,,,,,,,0.005,,,,,,,
347,A*23:01,B*14:01,C*02:02,,,,,,,,,,,,,,0.023,,,,,,,0.005,0.023,
348,A*23:01,B*14:01,C*08:02,,,,,,,,,,,,,,,,,,,,0.002,,,
349,A*23:01,B*14:02,C*08:02,,,,,,,,,,,,,,,,0.010,,,,0.008,0.007,,0.006
350,A*23:01,B*14:03,C*08:02,,,,0.011,,,,,,,,,,,,,,,,,,,
351,A*23:01,B*14:04,C*08:02,,,,,,,,,,,,,,,,,,,,,0.002,,
352,A*23:01,B*15:01,C*02:02,,0.031,,,,,,,,,,,,,,,,,,,,,
353,A*23:01,B*15:02,C*02:02,,0.031,,,,,,,,,,,,,,,,,,,,,
354,A*23:01,B*15:03,C*02:02,,,,,,,,,,,,0.011,,,,,,,0.012,0.013,0.014,,0.012
355,A*23:01,B*15:03,C*02:10,,,,0.011,0.036,,,,,,,,,,,0.015,,,,,,,
356,A*23:01,B*15:10,C*03:04,,,,,,,,,,,,,,,,,,,,,0.006,,
357,A*23:01,B*15:10,C*04:01,,,,,,,,,,,,,,,,,,,,,,,0.006
358,A*23:01,B*15:10,C*16:01,,,,,,,,,,,,,,,,,,,,,0.005,,0.018
359,A*23:01,B*15:17,C*05:01,,,,,,,,,,,,,,,,,,,,0.006,,,
360,A*23:01,B*15:17,C*17:01,,,,,,,,,,,,,,,,,,,0.002,,,,
361,A*23:01,B*15:37,C*03:04,,,,,,,,,,,,,,,,,,,,,0.005,,
362,A*23:01,B*18:01,C*02:02,,,,,,,,,,,,,,,,,,,,,0.005,,
363,A*23:01,B*18:01,C*05:01,,,,,0.036,,,,,,,,,,,,,0.019,0.008,,,,
364,A*23:01,B*27:03,C*02:02,,,,,0.036,,,,,,,,,,,,,,0.015,,,,
365,A*23:01,B*35:01,C*04:01,,,,0.045,,,,,,0.012,,0.034,,,,,,,,0.002,,,
366,A*23:01,B*35:01,C*16:01,,,,,,,,,,,,0.016,,,,,,,,,,,
367,A*23:01,B*39:10,C*12:03,,,,,,,,,,,,,,,,,,0.005,0.003,,,,
368,A*23:01,B*40:12,C*04:04,,,,,,,,,,,,,,,,0.005,,,,,,,
369,A*23:01,B*40:12,C*06:02,,,,,,,,,,,,,,,,,,,,0.004,,,
370,A*23:01,B*41:01,C*07:01,,,,,,,,,,,,,,,,,,,,,0.002,,
371,A*23:01,B*41:02,C*07:01,,,0.150,,,,,,,,,,,,,,,,,,,,
372,A*23:01,B*41:02,C*07:02,,,0.035,,,,,,,,,,,,,,,,,,,,
373,A*23:01,B*41:02,C*07:03,,,0.011,,,,,,,,,,,,,,,,,,,,
374,A*23:01,B*41:02,C*17:01,,0.031,,,,,,,,,,,,,,,,,,,,,
375,A*23:01,B*42:01,C*17:01,,,,,,,,,,0.006,,0.011,,,,0.017,,,,0.009,,,
376,A*23:01,B*42:02,C*17:01,,,,,,,,,,0.003,,,,,,,,,,,,,
377,A*23:01,B*44:02,C*07:01,,0.063,,,,,,,,,,,,,,,,,,,,,
378,A*23:01,B*44:03,C*03:03,,,,,,,,,,,,,,,,,,,,0.002,0.005,,
379,A*23:01,B*44:03,C*04:01,,,,,,,,,,0.027,,,0.016,,,,,,0.002,0.004,0.009,,
380,A*23:01,B*44:10,C*04:01,,,,,,,,,,0.003,,,,,,,,,,,,,
381,A*23:01,B*45:01,C*04:07,,,,,,,,,,,,,,,,,,,,,0.002,,
382,A*23:01,B*45:01,C*06:02,,,,,,,,,,,,,,,,0.008,,,0.002,0.005,0.002,,
383,A*23:01,B*45:01,C*16:01,,,,,,,,,,,,,,,,0.005,,,,,0.009,0.012,0.006
384,A*23:01,B*47:01,C*07:02,,,,,,,,,,,,,,,,,,,,,,0.012,
385,A*23:01,B*49:01,C*07:01,,,,,,,,,,,,,,,,,,,0.008,,0.002,,
386,A*23:01,B*50:02,C*04:07,,,,,,,,,,,,,,,,,,,,,0.002,,
387,A*23:01,B*51:01,C*16:01,,,,,,,0.100,,,,,0.012,,,,,,,,,,,
388,A*23:01,B*51:01,C*16:02,,,,,,,,,,,,,,,,,,,,0.002,,,
389,A*23:01,B*52:01,C*16:01,,,,0.011,0.036,,,,,0.027,,0.05,,,,,,,,,,,
390,A*23:01,B*53:01,C*04:01,,,,,,,,,,0.042,,,,,,0.015,,0.005,,0.002,0.004,0.012,
391,A*23:01,B*53:01,C*06:02,,,,0.011,,,,,,,,0.031,,,,,,,0.008,,,,
392,A*23:01,B*53:01,C*08:02,,,,,,,,,,0.027,,,,,,,,,,,,,
393,A*23:01,B*56:01,C*06:02,,,,,,,,,,,,,,,,,,,0.002,,,,
394,A*23:01,B*57:02,C*07:01,,,,,,,,,,,,,,,,0.005,,,,,,,
395,A*23:01,B*57:03,C*07:01,,,,,,,,,,,,,,,,,,,,,0.001,,
396,A*23:01,B*57:03,C*18:01,,,,,,,,,,,,,,,,,,,,,0.004,,
397,A*23:01,B*58:01,C*02:02,,,,,,,,,,,,,,,,,,,,0.004,,,
398,A*23:01,B*58:01,C*03:02,,,,,,,,,,0.018,,,,,,,,,,0.002,,,
399,A*23:01,B*58:01,C*07:01,,,,,,,,,,0.003,,,,,,,,,,,,,
400,A*23:01,B*58:01,C*07:01,,,,,,,,,,,,,,,,,,,,0.005,,,
401,A*23:01,B*58:02,C*03:04,,,,,,,,,,,,,,,,,,,,0.002,,,
402,A*23:01,B*58:02,C*06:02,,0.031,,,,,,,,,,,,,,,,0.005,,0.010,0.007,,0.006
403,A*23:01,B*73:01,C*15:05,,,,,,,,,,,,,,,,,,,,0.002,,,
404,A*23:01,B*81:01,C*18:01,,,,,,,,,,,,,,,,,,,0.002,0.004,0.007,0.012,
405,A*23:02,B*41:02,C*07:01,,,0.011,,,,,,,,,,,,,,,,,,,,
406,A*23:02,B*58:01,C*07:01,,,,,,,,,,0.003,,,,,,,,,,,,,
407,A*23:04,B*15:03,C*02:02,,,,,,,,,,0.003,,,,,,,,,,,,,
408,A*23:04,B*44:03,C*14:03,,,,,,,,,,0.003,,,,,,,,,,,,,
409,A*23:05,B*14:02,C*08:02,,,,,,,,,,,,,,,,,,0.005,,,,,
410,A*23:05,B*58:01,C*03:02,,,,,,,,,,,,,,,,,,0.005,,,,,
411,A*23:17,B*07:02,C*02:10,,,,,,,,0.007,,,,,,,,,,,,,,,
412,A*23:17,B*07:02,C*02:10,,,,,,,,,0.006,,,,,,,,,,,,,,
413,A*23:17,B*07:02,C*04:01,,,,,,,,0.007,,,,,,,,,,,,,,,
414,A*23:17,B*07:02,C*06:02,,,,,,,,0.007,,,,,,,,,,,,,,,
415,A*23:17,B*07:02,C*07:02,,,,,,,,0.007,0.020,,,,,,,,,,,,,,
416,A*23:17,B*07:02,C*07:03,,,,,,,,,0.013,,,,,,,,,,,,,,
417,A*23:17,B*07:02,C*07:13,,,,,,,,,0.006,,,,,,,,,,,,,,
418,A*23:17,B*14:01,C*05:04,,,,,,,,0.007,,,,,,,,,,,,,,,
419,A*23:17,B*15:10,C*03:32,,,,,,,,,0.006,,,,,,,,,,,,,,
420,A*23:17,B*15:10,C*06:02,,,,,,,,,0.006,,,,,,,,,,,,,,
421,A*23:17,B*15:220,C*04:01,,,,,,,,0.007,0.006,,,,,,,,,,,,,,
422,A*23:17,B*18:01,C*15:05,,,,,,,,,0.006,,,,,,,,,,,,,,
423,A*23:17,B*39:10,C*15:05,,,,,,,,0.007,,,,,,,,,,,,,,,
424,A*23:17,B*40:06,C*12:02,,,,,,,,,0.006,,,,,,,,,,,,,,
425,A*23:17,B*41:01,C*17:03,,,,,,,,,0.020,,,,,,,,,,,,,,
426,A*23:17,B*42:06,C*17:03,,,,,,,,0.007,,,,,,,,,,,,,,,
427,A*23:17,B*44:03,C*03:04,,,,,,,,,0.006,,,,,,,,,,,,,,
428,A*23:17,B*53:01,C*06:02,,,,,,,,,0.006,,,,,,,,,,,,,,
429,A*23:17,B*58:01,C*07:18,,,,,,,,,0.006,,,,,,,,,,,,,,
430,A*23:17,B*58:01,C*18:01,,,,,,,,,0.006,,,,,,,,,,,,,,
431,A*23:17,B*58:02,C*06:02,,,,,,,,0.021,0.026,,,,,,,,,,,,,,
432,A*23:17,B*82:02,C*03:02,,,,,,,,0.021,,,,,,,,,,,,,,,
433,A*24:02,B*07:02,C*02:02,,,,,,,,,0.006,,,,,,,,,,,,,,
434,A*24:02,B*07:02,C*03:04,,,,,,,,,,,,,,,,,,,,,,,0.006
435,A*24:02,B*07:02,C*04:01,,,,,,,,,0.006,,,,,,,,,,,,,,
436,A*24:02,B*07:02,C*07:01,,,,,,,,,,,,,,,,,,,,,,,0.012
437,A*24:02,B*07:02,C*07:02,,,,,,,,0.014,,,,,,,,,,,,,,,0.018
438,A*24:02,B*07:02,C*07:14,,,,,,,,,,,,,,,,,,0.005,,,,,
439,A*24:02,B*08:01,C*03:04,,,,,,,,,,,,,,,,0.005,,,,,,,
440,A*24:02,B*08:01,C*07:01,,,,,,,,,,,,,,,,,0.030,,,,,,
441,A*24:02,B*13:03,C*06:02,,,,,,,,,,,,,,,,,,,0.002,,,,
442,A*24:02,B*15:01,C*02:02,0.056,,,,,,,,,,,,,,,,,,,,,,
443,A*24:02,B*15:03,C*18:01,,,,,,,,,,,,,,,,,,0.005,,,,,
444,A*24:02,B*15:10,C*16:01,,,,,,,,,,,,,,,,,,0.005,,,,,
445,A*24:02,B*18:01,C*07:01,,,,,,,,,,,,,,,,,,0.005,,,,,
446,A*24:02,B*18:01,C*07:04,,,,,,,,0.014,,,,,,,,,,,,,,,
447,A*24:02,B*27:01,C*02:02,,,,,0.036,,,,,,,,,,,,,,,,,,
448,A*24:02,B*27:02,C*02:02,,,,,,,,0.007,,,,,,,,,,,,,,,
449,A*24:02,B*27:05,C*02:02,,,,,,,,,0.006,,,,,,,,,,,,,,
450,A*24:02,B*35:02,C*04:01,,,,,,,,,,,,,,,,,,,0.004,,,,
451,A*24:02,B*39:02,C*15:04,0.028,,,,,,,,,,,,,,,,,,,,,,
452,A*24:02,B*44:02,C*04:01,,,,,,,0.050,,,,,,,,,,,,,,,,
453,A*24:02,B*44:02,C*14:01,,,,,,0.031,,,,,,,,,,,,,,,,,
454,A*24:02,B*44:03,C*04:01,,,0.092,,,,,,,,,,,,,,,,,,,,
455,A*24:02,B*50:01,C*06:01,,,,,,0.031,,,,,,,,,,,,,,,,,
456,A*24:02,B*50:01,C*06:02,,,,,,,,,,,,,,,,,,,,,0.005,,
457,A*24:02,B*51:01,C*16:01,,,,,,,,,,,,,,,,,,,,0.004,,,
458,A*24:02,B*53:01,C*04:01,,,,,,,,,,,,,,,,,,0.005,,,,,
459,A*24:02,B*53:01,C*06:02,,,,,,,,,,,,,,,,0.005,,,,,,,
460,A*24:02,B*58:01,C*07:01,,,,,,,,,,,,,,,,,,,,0.002,,,
461,A*24:02,B*58:01,C*07:18,,,,0.011,,,,,,,,,,,,,,,,,,,
462,A*24:02,B*58:02,C*06:02,,,,,,,,,,,,,,,,,,,0.004,,,,
463,A*24:07,B*35:01,C*07:02,,,,,,,,,0.006,,,,,,,,,,,,,,
464,A*24:23,B*18:07,C*07:01,,,,,,,,,,,,,,,,,,0.005,,,,,
465,A*24:23,B*53:01,C*04:01,,,,,,,,,,,,,,,,,,0.005,,,,,
466,A*24:23,B*57:02,C*17:01,,,,,,,,,,,,,,,,,,0.005,,,,,
467,A*24:50,B*13:03,C*06:01,,,,,,,0.050,,,,,,,,,,,,,,,,
468,A*24:82,B*41:02,C*07:01,0.028,,,,,,,,,,,,,,,,,,,,,,
469,A*24:82,B*44:02,C*04:01,,0.031,,,,,,,,,,,,,,,,,,,,,
470,A*24:88,B*13:01,C*04:03,,,,,,,,,0.006,,,,,,,,,,,,,,
471,A*24:88,B*44:03,C*04:01,,,0.035,,,,,,,,,,,,,,,,,,,,
472,A*25:01,B*15:03,C*04:01,,,,,,,,0.007,,,,,,,,,,,,,,,
473,A*25:01,B*15:10,C*04:01,,,,,,,,0.007,,,,,,,,,,,,,,,
474,A*25:01,B*27:02,C*02:10,,,,,,,,0.007,,,,,,,,,,,,,,,
475,A*25:01,B*81:01,C*04:01,,,,,,,,0.007,,,,,,,,,,,,,,,
476,A*26:01,B*07:02,C*07:02,,,,,,,,,,,,,,,,,,,,0.002,,,
477,A*26:01,B*07:05,C*07:02,,,,,,,,,0.020,,,,,,,,,,,,,,
478,A*26:01,B*07:05,C*07:04,,,,,,,,,0.006,,,,,,,,,,,,,,
479,A*26:01,B*15:01,C*02:02,,,,,,,,,,,,,,,,,,,,,,0.012,
480,A*26:01,B*15:03,C*18:02,,,,,,,,0.014,,,,,,,,,,,,,,,
481,A*26:01,B*18:03,C*07:04,,,,,,,,0.007,,,,,,,,,,,,,,,
482,A*26:01,B*35:01,C*03:04,,,,0.011,,,,,,,,,,,,,,,,,,,
483,A*26:01,B*40:06,C*15:02,,,,,,,,0.021,,,,,,,,,,,,,,,
484,A*26:01,B*41:01,C*07:01,,,,,,,,0.007,,,,,,,,,,,,0.002,,,
485,A*26:01,B*41:01,C*17:03,,,,,,,,0.007,,,,,,,,,,,,,,,
486,A*26:01,B*42:01,C*17:03,,,,,,,,,0.006,,,,,,,,,,,,,,
487,A*26:01,B*44:03,C*04:01,,,,,,,,,,,,,,,,,,,,0.002,,,
488,A*26:01,B*44:03,C*08:04,,,,,,,,0.007,,,,,,,,,,,,,,,
489,A*26:01,B*51:01,C*07:01,,,,,,,,,,,,,,,,,,,,,,,0.006
490,A*26:01,B*58:01,C*07:01,,,0.011,,,,,,,,,,,,,,,,0.004,,,,
491,A*26:01,B*58:01,C*17:02,,,,,,,0.050,,,,,,,,,,,,,,,,
492,A*26:01,B*58:02,C*06:02,,,,,,,,,,,,,,,,,,,,,,,0.006
493,A*26:01,B*78:01,C*16:01,,,,0.023,,,,,,,,,,,,,,,,,,,
494,A*26:01,B*81:01,C*04:01,,,,,,,,0.007,,,,,,,,,,,0.004,,0.012,,
495,A*26:01,B*81:01,C*07:01,,,,,,,,,,,,,,,,,,,,,,,0.006
496,A*26:02,B*14:02,C*08:04,,,,,,,,,0.006,,,,,,,,,,,,,,
497,A*26:05,B*58:01,C*06:02,,,,,,,,,,,,,,,,,,0.005,,,,,
498,A*26:09,B*53:01,C*06:02,,,,,,,,,,,,,,,,,,0.005,,,,,
499,A*26:12,B*15:67,C*14:02,,,,,,,,,,,,,,,,,,0.005,,,,,
500,A*26:12,B*81:01,C*04:01,,,,,,,,,,,,,,,,,,,,0.002,,,
501,A*26:31,B*14:01,C*08:04,,,,,,,,,0.006,,,,,,,,,,,,,,
502,A*26:31,B*18:01,C*07:02,,,,,,,0.050,,,,,,,,,,,,,,,,
503,A*26:33,B*13:01,C*05:01,0.028,,,,,,,,,,,,,,,,,,,,,,
504,A*29:01,B*02:01,C*05:01,0.028,0.031,,,,,,,,,,,,,,,,,,,,,
505,A*29:01,B*07:02,C*07:01,,,0.011,,,,,,,,,,,,,,,,,,,,
506,A*29:01,B*07:06,C*04:01,,,,,,,,0.007,,,,,,,,,,,,,,,
507,A*29:01,B*08:01,C*03:04,,,,,,,,,,,,,,,,,,0.005,,,,,
508,A*29:01,B*08:01,C*07:01,,,,,,,0.050,,,,,,,,,,,,,,,,
509,A*29:01,B*08:01,C*07:02,,,,,,,,,,,,,,,,,,,,0.008,,,
510,A*29:01,B*13:01,C*04:01,,,0.011,,,,,,,,,,,,,,,,,,,,
511,A*29:01,B*13:01,C*06:02,,,,,,,,,,,,,,,,,,0.005,,,,,
512,A*29:01,B*13:01,C*06:11,,,0.011,,,,,,,,,,,,,,,,,,,,
513,A*29:01,B*13:02,C*06:02,,,0.035,,,,,,,,,,,,,,,0.005,,,,,
514,A*29:01,B*13:02,C*06:11,,,0.035,,,,,,,,,,,,,,,,,,,,
515,A*29:01,B*13:02,C*07:04,,,,,,,,,,,,,,,,,,,0.004,,,,
516,A*29:01,B*13:03,C*12:03,,,,,,,,,0.006,,,,,,,,,,,,,,
517,A*29:01,B*14:01,C*05:01,0.028,0.031,,,,,,,,,,,,,,,,,,,,,
518,A*29:01,B*15:03,C*04:01,,,,,,,,,,,,,,,,,,,,0.002,,,
519,A*29:01,B*15:10,C*03:04,,,,,,,,,,,,,,,,,,,,0.002,,,
520,A*29:01,B*18:01,C*04:01,,,,,,,,,,,,,,,,,,,,,,,0.006
521,A*29:01,B*18:03,C*07:04,,,,,,,,0.028,,,,,,,,,,,,,,,
522,A*29:01,B*41:01,C*17:03,,,,,,,,,0.006,,,,,,,,,,,,,,
523,A*29:01,B*41:02,C*07:01,,,,,,0.031,,,,,,,,,,,,,,,,,
524,A*29:01,B*42:01,C*17:01,,,,,,,,,,,,,,,,,,,,,0.002,,
525,A*29:01,B*44:03,C*04:01,,,,,,,,,,,,,,,,,,,0.002,,,,
526,A*29:01,B*44:03,C*07:01,,,,,,,,,,,,,,,,0.005,,,,,,,
527,A*29:01,B*44:03,C*14:02,,,,,,,,,,0.003,,,,,,,,,,,,,
528,A*29:01,B*44:03,C*16:01,,,,,,,,0.063,,,,,,,,,,,,,,,
529,A*29:01,B*49:01,C*07:01,,,,,,,,,,,,,,,,0.005,,,,,,,
530,A*29:01,B*51:15,C*06:02,,,,0.011,,,,,,,,,,,,,,,,,,,
531,A*29:01,B*52:01,C*16:01,,,,,,,,,,0.009,,,,,,,,,,,,,
532,A*29:01,B*53:01,C*04:15,,,,,,,,,,0.003,,,,,,,,,,,,,
533,A*29:01,B*53:01,C*06:02,,,0.023,,,,,,,,,,,,,,,,,,,,
534,A*29:01,B*53:01,C*06:11,,,0.069,,,,,,,,,,,,,,,,,,,,
535,A*29:01,B*53:01,C*07:02,,,,,,,,,,0.009,,,,,,,,,,,,,
536,A*29:01,B*57:01,C*07:01,,,0.011,,,,,,,,,,,,,,,,,,,,
537,A*29:01,B*57:01,C*07:03,,,0.011,,,,,,,,,,,,,,,,,,,,
538,A*29:01,B*58:01,C*03:02,,,,,,,,,,,,,,,,,,,0.002,,,,
539,A*29:01,B*58:01,C*06:02,,,,,,,,,,,,,,,,,,,0.002,,,,
540,A*29:01,B*58:02,C*03:04,,,,,,,,,,,,,,,,,,,,,0.002,,
541,A*29:01,B*58:02,C*06:02,0.028,0.031,,,,,,,,,,,,,,,,,,,,,
542,A*29:02,B*07:02,C*07:01,,,,,,,,,,,,,,,,,,,,0.002,0.002,,
543,A*29:02,B*07:02,C*17:03,,,,,,,,,0.006,,,,,,,,,,,,,,
544,A*29:02,B*08:01,C*06:02,,,,,,,,,,,,,,,,,,,,,0.002,,
545,A*29:02,B*13:02,C*06:02,,,,,,,,,,,,,,,,,,0.019,,,0.014,,0.030
546,A*29:02,B*13:02,C*07:04,,,,,,,,,,,,,,,,,,,0.002,,,,
547,A*29:02,B*13:04,C*06:02,,,,,,,,,,,,,,,,,,,,,0.002,,
548,A*29:02,B*15:03,C*07:04,,,,,,,,,,,,,,,,,,,,,,,0.006
549,A*29:02,B*15:10,C*03:04,,,,,,,,,,,,,,,,,,0.005,,0.002,,,
550,A*29:02,B*15:10,C*04:01,,,,,,,,,,,,,,,,,,,0.002,,,,
551,A*29:02,B*15:10,C*16:01,,,,,,,,,,,,,,,,0.005,,0.005,,,,,
552,A*29:02,B*18:01,C*02:02,,,,,,,,,,,,,,,,,,,,,,,0.006
553,A*29:02,B*27:03,C*02:02,,,,,,,,,,,,,,,,,,,,0.002,,,
554,A*29:02,B*35:01,C*04:01,,,,,,,,,,,,,,,,0.005,,,,,,,
555,A*29:02,B*39:10,C*12:03,,,,,,,,,,,,,,,,,,,,0.002,,,
556,A*29:02,B*42:01,C*06:02,,,,,,,,,,,,,,,,,,0.005,,,,,
557,A*29:02,B*42:01,C*17:01,,,,,,,,,,,,0.012,,0.035,,0.015,,0.019,0.025,0.026,0.019,0.035,0.037
558,A*29:02,B*42:02,C*17:01,,,,,,,,,,,,,,,,,,,,,0.002,,
559,A*29:02,B*44:03,C*04:01,,,,,,,,,,,,,,,,,,,0.004,,,,
560,A*29:02,B*44:03,C*07:01,,,,,,,,,,,,,,0.023,,,,,,,0.014,0.023,0.018
561,A*29:02,B*44:03,C*07:06,,,,,,,,,,,0.022,,,,,,,,,,,,
562,A*29:02,B*44:03,C*14:03,,,,,,,,,,,,,,,,0.005,,,,,,,
563,A*29:02,B*44:03,C*16:01,,,,,,,,,,,,,,,0.050,,0.040,,,,,,
564,A*29:02,B*45:01,C*06:02,,,,,,,,,,,0.011,,,,,0.005,,,0.010,0.015,0.017,,
565,A*29:02,B*45:01,C*16:01,,,,,,,,,,,,,,,,0.005,,,,,0.003,,
566,A*29:02,B*49:01,C*07:01,,,,,,,,,,,,,,,,,,,0.002,,,,
567,A*29:02,B*50:01,C*04:01,,,,0.011,,,,,,,,,,,,,,,,,,,
568,A*29:02,B*53:01,C*04:01,,,,0.011,,,,,,,,,,,,,,,,0.002,,,
569,A*29:02,B*55:01,C*03:03,,,,,,,,0.007,,,,,,,,,,,,,,,
570,A*29:02,B*57:02,C*03:04,,,,,,,,,,,,,,,,,,,,0.002,,,
571,A*29:02,B*57:02,C*05:32,,0.031,,,,,,,,,,,,,,,,,,,,,
572,A*29:02,B*57:03,C*04:01,,,,,,,,,,,,,,,,,,0.005,,,,,
573,A*29:02,B*57:03,C*16:01,,,,,,,,,,,,,,,,,,,,,0.002,,
574,A*29:02,B*58:01,C*03:02,,,,,,,,,,,,,,,,0.005,,,0.002,,,,
575,A*29:02,B*58:01,C*06:02,,,,,,,,,,,,,,,,,,,,,0.002,,
576,A*29:02,B*58:01,C*07:01,,,,,,,,,,,,,,,,,,,,,0.005,,
577,A*29:02,B*73:01,C*15:05,,,,,,,,,,,,,,,,,,,,,0.002,,
578,A*29:02,B*78:01,C*16:01,,,,,0.216,,,,,,,,,,,,,,,,,,
579,A*29:02,B*81:01,C*08:01,,,,,,,,,,,,,,,,,,,,,0.005,,
580,A*29:02,B*81:01,C*08:04,,,,,,,,,,,,,,,,0.005,,,,,,,
581,A*29:02,B*82:02,C*03:02,,,,,,,,,,,,,,,,,,0.005,,,,,
582,A*29:03,B*42:01,C*17:01,,,,,,,,,,,,,,,,,,0.005,,,,,
583,A*29:11,B*13:02,C*06:02,,,,,,,,,,,0.014,,,,,,,,,,,,
584,A*29:15,B*58:01,C*06:02,,,,,,,,,,,,,,,,0.005,,,,,,,
585,A*30:01,B*07:02,C*06:02,,,,,,,,,,,,,,,,,,0.005,,,,,
586,A*30:01,B*07:02,C*07:02,,,,0.011,,,,,0.006,0.012,,,,,,0.005,,,,,0.008,,
587,A*30:01,B*07:05,C*07:01,,,,,,,,,,0.003,,,,,,,,,,,,,
588,A*30:01,B*07:05,C*17:03,,,,,,,,,0.006,,,,,,,,,,,,,,
589,A*30:01,B*07:06,C*17:01,,,,0.011,,,,,,,,,,,,,,,,,,,
590,A*30:01,B*07:07,C*07:01,,,,,,,,,,,,,,,,,,0.005,,,,,
591,A*30:01,B*08:01,C*03:04,,,,,,,,,,,,,,,,,,,,,0.002,,
592,A*30:01,B*08:01,C*07:01,,,,,,,,,,,,,,,,0.005,,,,,,,
593,A*30:01,B*08:01,C*07:02,,,,,,,,,,,,,,,,,,0.005,,,,,
594,A*30:01,B*08:01,C*17:01,,,,0.011,0.036,,,,,,,,,,,,,,,,,,
595,A*30:01,B*08:01,C*17:03,,,,,,,,0.014,,,,,,,,,,,,,,,
596,A*30:01,B*13:02,C*06:02,,,,,,,,,,,,,0.016,,,,,,0.002,0.002,0.002,,
597,A*30:01,B*13:02,C*07:04,,,,,,,,,,,,,,,,,,,,,,,0.006
598,A*30:01,B*14:02,C*08:02,,,,,,,,,,,,,,,,,,,,,,0.012,
599,A*30:01,B*14:06,C*07:05,,,,,,,,,,,,,,,,,,0.005,,,,,
600,A*30:01,B*15:03,C*02:02,,,,,,,,,,,,,,,,,,,,0.002,,,0.012
601,A*30:01,B*15:09,C*03:04,,,,,,,,,,,,,,,,,,,0.002,,,,
602,A*30:01,B*15:10,C*03:04,,,,,,,,,,,,,,,,,,0.005,,0.004,0.009,0.012,
603,A*30:01,B*15:10,C*04:01,,,,,,,,,0.026,,,,,,,,,,,,,,
604,A*30:01,B*15:10,C*06:02,,,,,,,,,,0.003,,,,,,,,,,,,,
605,A*30:01,B*15:16,C*06:02,,,,,,,,,,,,,,,,,,,,0.002,,,
606,A*30:01,B*18:01,C*02:02,,,,,,,,,,,,,,,,,,,,,0.002,,0.006
607,A*30:01,B*18:01,C*07:01,,,,,,,,,,,,,,,,,,,,0.002,,,
608,A*30:01,B*18:01,C*07:04,,,,,,,,,,,,,,,,,,,,,0.007,,
609,A*30:01,B*18:01,C*17:01,,,,,,,,,,,,,,,,0.005,,,,,,,
610,A*30:01,B*35:01,C*04:01,,,,,,,,0.007,,,,,,,,,,0.005,,,,,
611,A*30:01,B*35:20,C*04:01,,,,,,,,,,,,,,,,,,,,,0.002,,
612,A*30:01,B*39:10,C*12:03,,,,,,,,,,,,,,,,,,,,0.006,,,
613,A*30:01,B*39:10,C*17:02,,,,,,0.031,,,,,,,,,,,,,,,,,
614,A*30:01,B*39:10,C*17:03,,,,,,,,0.021,,,,,,,,,,,,,,,
615,A*30:01,B*39:10,C*17:39,,,,,,,,0.007,,,,,,,,,,,,,,,
616,A*30:01,B*41:01,C*16:01,,,,,,,,,,,,,,,,,,,0.002,,,,
617,A*30:01,B*42:01,C*17:01,,,,0.136,,,,,,0.062,0.033,0.104,,0.116,0.029,0.048,,0.029,0.029,0.021,,0.116,0.067
618,A*30:01,B*42:01,C*17:03,,,,,,,,0.007,,,,,,,,,,,,,,,
619,A*30:01,B*42:02,C*04:01,,,,,,,,,,0.003,,,,,,,,,,,,,
620,A*30:01,B*42:02,C*17:01,0.028,,,,0.036,,,,,0.006,,,,,,,,,,,0.010,,0.030
621,A*30:01,B*44:02,C*06:02,,,,,,0.031,,,,,,,,,,,,,,,,,
622,A*30:01,B*44:03,C*04:01,,,,,,,,,,0.003,,,,,,,,,,,,,
623,A*30:01,B*44:03,C*17:01,,,,,,,,,,,,,,,,0.005,,,,,,,
624,A*30:01,B*44:05,C*04:01,,,,,,0.063,,,,,,,,,,,,,,,,,
625,A*30:01,B*45:01,C*06:02,,,,,,,,,,,,,,,,0.012,,0.005,,,0.002,,
626,A*30:01,B*45:01,C*16:01,,,,,,,,,,0.003,,,,,,,,,,,,,
627,A*30:01,B*47:03,C*03:08,,,,,,,,,,,,,,,,,,0.005,,,,,
628,A*30:01,B*47:03,C*07:01,,,,,,,,,,,,,,,,,,0.005,,,,,
629,A*30:01,B*47:03,C*07:04,,,,,,,,,,,,,,,,,,,,0.002,,,
630,A*30:01,B*50:01,C*06:02,,,,,,,,,,0.003,,,,,,,,,,,,,
631,A*30:01,B*51:01,C*07:01,,,,,,,,,,0.003,,,,,,,,,,,,,
632,A*30:01,B*51:01,C*16:01,,,,,,,,,,,,,,,,,,,,0.004,,,
633,A*30:01,B*51:01,C*16:02,,,,,,,,,,,,,,,,,,,,0.002,,,
634,A*30:01,B*52:01,C*16:01,,,,,,,,,,0.003,,,,,,,,,,,,,
635,A*30:01,B*53:01,C*02:02,,,,,,,,,,,,,,,,,,,,,0.005,,
636,A*30:01,B*53:01,C*04:01,,,,,,,,,,0.003,,,,,,,,,,,,,
637,A*30:01,B*53:01,C*06:02,,,,0.011,,,,,,,,,,,,,,,,,,,
638,A*30:01,B*53:08,C*04:01,,,,,,,,,,0.003,,,,,,,,,,,,,
639,A*30:01,B*57:01,C*18:01,,,,,,,,,,0.003,,,,,,,,,,,,,
640,A*30:01,B*57:02,C*04:04,,,,,,,,,,0.003,,,,,,,,,,,,,
641,A*30:01,B*57:02,C*18:01,,,,,,,,,,0.009,,,,,,,,,,,,,0.006
642,A*30:01,B*57:03,C*07:01,,,,0.011,,,,,,,,,,,,,,,,,,,
643,A*30:01,B*57:03,C*18:01,,,,,,,,,,,,,,,,0.005,,,,,,,
644,A*30:01,B*58:01,C*03:02,,,,,,,,,,,,,,,,,,,0.006,,,,
645,A*30:01,B*58:01,C*06:02,,,,,,,,,,,,,,,,,,0.005,,,,,
646,A*30:01,B*58:01,C*07:01,,,,,,,,,,,,,,,,,,,,0.004,,,
647,A*30:01,B*58:01,C*18:01,,,,,,,,,,,,,,,,0.005,,,,,,,
648,A*30:01,B*58:02,C*04:01,,,,,,0.031,,,,,,,,,,,,,,,,,
649,A*30:01,B*58:02,C*06:02,,,,,,,,,,,,,,,,,,0.010,0.006,0.010,0.005,,
650,A*30:01,B*81:01,C*03:02,,,,,,,,,,,,,,,,0.005,,,,,,,
651,A*30:01,B*81:01,C*04:01,,,,,,,,,,,,,,,,,,,,0.003,,,
652,A*30:01,B*81:01,C*18:01,,,,,,,,,,0.003,,,,,,,,,,0.002,,,
653,A*30:02,B*07:02,C*03:04,,,,,,,,,,0.003,,,,,,,,,,,,,
654,A*30:02,B*07:02,C*06:02,,,,,,,,,,,,,,,,0.005,,,,,,,
655,A*30:02,B*07:02,C*07:01,,,,,,,,,,,,,,,,,,,,,,0.012,
656,A*30:02,B*07:02,C*07:02,,,,0.011,,,,,,,,,,,,,,,,0.002,,,
657,A*30:02,B*07:05,C*07:03,,,,,,,,,0.006,,,,,,,,,,,,,,
658,A*30:02,B*08:01,C*07:01,,,,,,,,,,,0.019,,,,,0.010,,0.010,0.002,,0.014,,0.024
659,A*30:02,B*08:01,C*07:24,,,,,,,,,,,,,,,,0.005,,,,,,,
660,A*30:02,B*08:05,C*07:01,,,,,,,,,,,,,,,,,,,,,0.006,,
661,A*30:02,B*13:02,C*06:01,,,,,,0.031,,,,,,,,,,,,,,,,,
662,A*30:02,B*13:02,C*16:01,,,,,,,,,,,,,,,,,,,,,0.002,,
663,A*30:02,B*14:01,C*08:02,,,,,,,,,,,,,,,,,,,,0.002,0.002,,
664,A*30:02,B*14:02,C*08:02,,,,,,,,,,,,,,,,0.005,,,,0.008,0.010,,
665,A*30:02,B*15:03,C*02:02,,,,,,,,,,,,,,,,,,,,,0.008,,
666,A*30:02,B*15:03,C*08:02,,,,,,,,,,,,,,,,,,0.005,,,,0.012,
667,A*30:02,B*15:10,C*03:02,,,,,,,,,,,,,,,,,,0.005,,,,,
668,A*30:02,B*15:10,C*03:04,,,,,,,,,,,,,,,,0.015,,,,0.006,0.005,0.012,
669,A*30:02,B*15:10,C*04:01,,,,,,,,,,0.012,,,,,,,,,,,,,
670,A*30:02,B*15:16,C*14:03,,,,,,,,,,,,,,,,,,,,,,,0.006
671,A*30:02,B*15:17,C*05:01,,,,,,,,,,,,,,,,,,,,,0.002,,
672,A*30:02,B*15:17,C*07:01,,,,,,,,,0.006,,,,,,,,,,,,,,
673,A*30:02,B*18:01,C*03:04,,,,,,,,,,,,,,,,,,,,,0.002,,
674,A*30:02,B*18:01,C*05:01,,,,,,,,,0.013,,,,,,,,0.020,,,,,,
675,A*30:02,B*18:01,C*07:04,,,,,,,,,,,,,,,,0.010,,0.019,0.004,0.017,,0.023,
676,A*30:02,B*35:01,C*03:04,,,,,,,,,,,,,,,,,,,0.004,,,,
677,A*30:02,B*35:01,C*04:01,,,,,,,,,,,,,,,,,,,,,,0.012,
678,A*30:02,B*35:01,C*16:01,,,,,,,,,,,,,,,,,,,,,0.002,,
679,A*30:02,B*38:01,C*12:03,,,,,,,,,0.006,,,,,,,,,,,,,,
680,A*30:02,B*39:01,C*12:03,,,,,,,,,,,,,,,,,,,,,,,0.006
681,A*30:02,B*39:10,C*12:03,,,,,,,,,,,,,,,,,,,,0.002,,,
682,A*30:02,B*39:10,C*12:04,,,,,,,,,,,,,,,,,,,,,,,0.006
683,A*30:02,B*40:16,C*08:02,,,,,,,,,,,,,,,,,,,,,0.002,,
684,A*30:02,B*41:01,C*02:02,,,,,,,,,,,,,,,,,,,,,,0.012,
685,A*30:02,B*41:01,C*07:01,,,,,,,,,,,,,,,,,,,,0.002,,,
686,A*30:02,B*41:01,C*18:01,,,,,,,,,,,,,,,,,,0.005,,,,,
687,A*30:02,B*41:02,C*04:01,,,,,,,,,,,,,,,,,,,,,,0.012,
688,A*30:02,B*42:01,C*17:01,,,,,,,,,,0.012,,,,,,0.005,,,,,0.005,,0.008
689,A*30:02,B*44:03,C*03:03,,,,,,,,,,,,,,,,,,,,,,,0.006
690,A*30:02,B*44:26,C*04:01,,,,,,,,,,,,,,,,,,0.005,,,,,
691,A*30:02,B*45:01,C*07:01,,,,,,,,,,0.003,,,,,,,,0.005,,,,,
692,A*30:02,B*45:01,C*16:01,,,,,,,,,,,0.022,,,,,0.010,,0.015,,0.009,0.023,,0.017
693,A*30:02,B*50:01,C*06:02,,,,,,,,,,0.003,,,,,,0.005,,,,,,,
694,A*30:02,B*51:01,C*16:01,,,,,,,,,,,,,,,,,,,,,,0.012,
695,A*30:02,B*53:01,C*03:04,,,,,,,,,,,,,,,,,,,0.017,,,,
696,A*30:02,B*53:01,C*04:01,,,,,,,,,,0.012,,,,0.058,,0.005,,,,,0.005,0.058,
697,A*30:02,B*53:01,C*06:02,,,,,,,,,,,,,,,,,,,,,0.002,,
698,A*30:02,B*53:01,C*08:02,,,,,,,,,,,,,,,,0.005,,,,,,,
699,A*30:02,B*57:02,C*02:02,,,,,,,,,,,,,,,,,,,,,0.002,,
700,A*30:02,B*57:02,C*18:01,,0.031,,,,,,,,,,,,,,0.005,,,0.004,0.004,,,
701,A*30:02,B*57:03,C*18:01,,,0.011,,,,,,,,,,,0.047,,,,,,0.006,0.022,0.047,
702,A*30:02,B*58:01,C*06:02,,,,,,,,,,,,,,,,,,,0.004,,,,
703,A*30:02,B*58:01,C*07:01,,,,,,,,,,0.003,,,,,,,,0.005,0.002,,0.002,,
704,A*30:02,B*58:01,C*08:02,,,,,,,,,0.006,,,,,,,,,,,,,,
705,A*30:02,B*58:02,C*06:02,,,,,,,,,,,,,,,,,,,,,0.002,,0.037
706,A*30:02,B*58:02,C*06:11,,0.031,,,,,,,,,,,,,,,,,,,,,
707,A*30:02,B*58:02,C*07:01,,,,,,,,,,,,,,,,,,,,,,0.012,
708,A*30:02,B*78:01,C*05:01,,,,,,,,,,0.003,,,,,,,,,,,,,
709,A*30:02,B*78:01,C*16:01,,,,,,,,,,,,0.012,,,,,,,,,,,
710,A*30:02,B*81:01,C*07:04,,,,,,,,,,,,,,0.023,,,,,,,,,
711,A*30:02,B*81:01,C*18:01,,,,,,,,,,,,,,,,0.005,,,,0.002,,0.012,
712,A*30:04,B*07:02,C*07:02,,,,,,,,0.007,,,,,,,,,,,,,,,0.006
713,A*30:04,B*13:02,C*06:02,,,,,,,,,,,,,,,,,,,,0.002,,,
714,A*30:04,B*14:01,C*03:02,,,,,,,,,,,,,,,,,,,0.002,,,,
715,A*30:04,B*14:01,C*05:01,,,,,,,,0.014,,,,,,,,,,,,,,,
716,A*30:04,B*15:03,C*03:04,,,,,,,,,,0.003,,,,,,,,,,,,,
717,A*30:04,B*15:03,C*04:01,,,,,,,,,,,,,,,,,,,,0.004,,,
718,A*30:04,B*15:10,C*04:01,,,,,,,,,0.006,,,,,,,,,,,,,,
719,A*30:04,B*15:10,C*08:01,,,,,,,,,,,,,,,,,,,,,,,0.006
720,A*30:04,B*15:17,C*17:01,,,,,,,,,,,,,,,,,,,,0.004,,,
721,A*30:04,B*27:02,C*02:02,,,,,,,,0.028,,,,,,,,,,,,,,,
722,A*30:04,B*27:03,C*02:02,,,,,,,,,,,,,,,,,,,,,,,0.006
723,A*30:04,B*37:01,C*02:02,0.084,,,,,,,,,,,,,,,,,,,,,,
724,A*30:04,B*37:02,C*02:27,0.028,,,,,,,,,,,,,,,,,,,,,,
725,A*30:04,B*37:21,C*02:04,0.028,,,,,,,,,,,,,,,,,,,,,,
726,A*30:04,B*41:01,C*07:01,,,,,,,0.050,,,,,,,,,,,,0.002,,,,
727,A*30:04,B*41:02,C*17:05,0.028,,,,,,,,,,,,,,,,,,,,,,
728,A*30:04,B*45:01,C*06:02,,,,,,,,,,,,,,,,,,,,0.004,,,
729,A*30:04,B*57:01,C*07:09,,,,,,,0.050,,,,,,,,,,,,,,,,
730,A*30:04,B*58:01,C*04:01,,,,,,,,,,,,,,,,,,,,,0.002,,
731,A*30:04,B*58:01,C*07:01,,,,,,,,,,,,,,,,0.005,,,,,,,
732,A*30:04,B*58:02,C*06:02,,,,,,,,0.035,0.026,,,,,,,,,,,,0.010,,0.006
733,A*30:08,B*42:01,C*17:01,,,,,,,,,,,,,,,,,,,,,,,0.012
734,A*30:08,B*57:03,C*07:04,,,,,,,,,,,,,,,,,,,,,,,0.006
735,A*31:01,B*07:02,C*07:02,,,,,,,,,0.006,,,,,,,,,,,,,,
736,A*31:01,B*13:02,C*06:02,,,,,,,,,,,,,,,,,,,,0.002,,,
737,A*31:01,B*13:02,C*18:01,,,,,,,,,,,,,,,,,,,,0.002,,,
738,A*31:01,B*15:31,C*04:01,,,,,,,,,,,,,,,,,,,,0.002,,,
739,A*31:01,B*27:02,C*02:02,,,,,,,,0.007,,,,,,,,,,,,,,,
740,A*31:01,B*35:01,C*03:04,,,,,,,,,,,,,,,,,,,,,,0.012,
741,A*31:01,B*40:01,C*03:04,,,,,,,,,,,,,,0.023,,,,,,,,0.023,
742,A*31:01,B*41:01,C*07:01,,,,,,,,,,,,,,,,,,,,0.002,,,
743,A*31:01,B*42:01,C*17:01,,,,,,,,,,,,,,,,,,,,0.002,,,
744,A*31:01,B*45:01,C*06:02,,,,,,,,,,,,,,,,,,,0.004,,,,
745,A*31:01,B*53:01,C*04:01,,,,,,,,,,,,,,,,,,,,0.002,,,
746,A*31:01,B*82:01,C*03:02,,,,,,,,,,,,,,,,,,,,0.002,,,
747,A*31:01,B*82:02,C*16:01,,,,,,,,,,,,,,,,,,0.005,,,,,
748,A*31:03,B*13:02,C*06:02,,,,,,,,,,,,,,,,,,,,0.002,,,
749,A*31:03,B*14:02,C*04:29,,,0.011,,,,,,,,,,,,,,,,,,,,
750,A*31:03,B*42:01,C*17:01,,,,,,,,,,,,,,,,,,,,,0.002,,
751,A*31:03,B*45:01,C*06:02,,,,,,,,,,,,,,,,,,,0.004,0.003,,,
752,A*31:03,B*53:01,C*04:01,,,,,,,,,,,,,,,,,,,,,0.002,,
753,A*31:03,B*58:01,C*07:01,,,,,,,,,,,,,,,,,,,,0.003,,,
754,A*31:03,B*58:02,C*06:02,,,,,,,,,,,,,,,,,,,0.003,,,,
755,A*31:03,B*81:01,C*04:01,,,,,,,,,,,,,,,,,,,,,0.002,,
756,A*31:04,B*42:01,C*17:01,,,,,,,,,,,,,,,,,,0.010,,,,,
757,A*31:04,B*44:10,C*04:01,,,,,,0.031,,,,,,,,,,,,,,,,,
758,A*31:04,B*51:01,C*16:01,,,,,,,,,,,,,,,,0.005,,,,,,,
759,A*31:04,B*58:01,C*07:01,,,,,,,,,,,,,,,,,,0.015,,,,,
760,A*31:06,B*42:01,C*17:03,,,,,,,,,0.006,,,,,,,,,,,,,,
761,A*32:01,B*07:02,C*07:02,,,,,,,,,,,,,,,,0.005,,,0.002,,,,
762,A*32:01,B*07:06,C*07:02,,,,,,,,,0.006,,,,,,,,,,,,,,
763,A*32:01,B*07:07,C*07:02,,,,,,,,,,,,,,,,,,0.005,,,,,
764,A*32:01,B*08:01,C*02:02,,,,,,,,,,,,,,,,,,,,,0.002,,
765,A*32:01,B*08:01,C*07:02,,,,,,,,,,,,,,,,,,,,0.004,,,
766,A*32:01,B*14:02,C*08:02,,,,,,,,,,,,,,,,,,,,0.006,,,
767,A*32:01,B*15:03,C*02:10,,,,,0.144,,,,,,,,,,,,,,,,,,
768,A*32:01,B*15:03,C*18:01,,,,,,,,,0.006,,,,,,,,,,,,,,
769,A*32:01,B*15:16,C*14:02,,,,,,,,,,,,,,,,,,,,,0.002,,
770,A*32:01,B*15:17,C*17:01,,,,,,,,,,,,,,,,,,,,0.004,,,
771,A*32:01,B*15:31,C*04:07,,,,,,,,,,,,,,,,0.005,,,,,,,
772,A*32:01,B*18:01,C*17:01,,,,,,,,,,,,,,,,0.005,,,,,,,
773,A*32:01,B*35:01,C*04:01,,,,0.011,,,,,0.006,,,,,,,,,,,,,,
774,A*32:01,B*39:01,C*12:02,,0.031,,,,,,,,,,,,,,,,,,,,,
775,A*32:01,B*41:01,C*17:01,,,,,,,,,,,,,,,,,,,,,,,0.006
776,A*32:01,B*41:02,C*17:03,,,,,,,,,0.006,,,,,,,,,,,,,,
777,A*32:01,B*44:03,C*02:10,,,,,,,,0.028,0.013,,,,,,,,,,,,,,
778,A*32:01,B*44:03,C*04:01,,,,,,,,,0.020,,,,,,,,,,,,,,
779,A*32:01,B*47:02,C*06:02,,,,,,,,,,,,,,,,,,,,0.002,,,
780,A*32:01,B*53:01,C*06:02,,,,,,,,0.007,,,,,,,,,,,,,,,
781,A*32:01,B*57:03,C*18:02,,,,,,,,,0.006,,,,,,,,,,,,,,
782,A*32:01,B*58:01,C*03:02,,,,,,,,,,,,,,,,,,,0.002,,,,
783,A*32:01,B*58:01,C*06:02,,,,,,,,,,,,,,,,,,,0.002,,,,
784,A*32:01,B*58:01,C*07:01,,,,,,,,,,,,,,,,,,,,0.002,,,
785,A*32:01,B*58:01,C*08:04,,,,,,,,,,,,,,,,0.005,,,,,,,
786,A*32:01,B*58:02,C*06:02,,,,,,,,,,,,,,,,,,,0.002,0.008,,,
787,A*32:01,B*67:01,C*07:02,,,,,,,,,0.006,,,,,,,,,,,,,,
788,A*32:01,B*81:01,C*08:01,,,,,,,,,,,,,,,,,,,,,0.005,,
789,A*32:01,B*81:01,C*08:04,,,,,,,,,,,,,,,,,,0.005,0.010,0.002,,,
790,A*32:02,B*45:01,C*16:01,,,,,,,,,,,,,,,,,,,,,0.002,,
791,A*32:03,B*57:03,C*03:04,,,,,,,,,,,,,,,,,,,,,0.002,,
792,A*33:01,B*07:02,C*07:01,,,,,,0.031,,,,,,,,,,,,,,,,,
793,A*33:01,B*07:02,C*07:02,,,,,,,,,,,,,,,,,,,,0.002,,,
794,A*33:01,B*07:02,C*15:05,,,,,,,,,,0.003,,,,,,,,,,,,,
795,A*33:01,B*13:02,C*06:02,,,,,,,,,,,,,,,,0.005,,,,,,,
796,A*33:01,B*14:01,C*08:04,0.056,,,,,,,,,,,,,,,,,,,,,,
797,A*33:01,B*14:02,C*08:02,,,,,,,,,,0.003,,,,,,,0.040,,,,,,
798,A*33:01,B*14:03,C*03:04,,,,,,,,,,,,,,,,,,,,0.002,,,
799,A*33:01,B*15:01,C*02:02,0.028,0.031,,,,,,,,,,,,,,,,,,,,,
800,A*33:01,B*15:03,C*02:02,,,,,,,,,,0.003,,,,,,,,,,,,,
801,A*33:01,B*15:10,C*03:04,,,,,,,,,,0.003,,,,,,,,,,,,,
802,A*33:01,B*35:01,C*04:01,,,,,,,,,,0.009,,,,,,,,,,,,,
803,A*33:01,B*35:01,C*07:05,,,,,,,,,,,,,,,,,,,,0.004,,,
804,A*33:01,B*35:21,C*16:01,,,,0.011,,,,,,,,,,,,,,,,,,,
805,A*33:01,B*41:01,C*07:01,,,,,,,,,,,,,,,,,,,,0.004,,,
806,A*33:01,B*41:02,C*17:01,,,,,,,,,,,,,,,,,,,,,,0.012,
807,A*33:01,B*42:01,C*17:01,,,,,,,,,,,,,,,,,,,0.002,0.002,,,
808,A*33:01,B*44:03,C*04:01,,,,,,,,,,0.009,,,,,,,,,,,,,
809,A*33:01,B*49:01,C*07:01,,,,,,,,,,0.003,,,,,,,,,,,,,
810,A*33:01,B*53:01,C*04:01,,,,0.011,,,,,,,,,,,,,,,,,,,
811,A*33:01,B*53:01,C*04:01,,,,,,,,,,0.009,,,,,,,,,,,,,
812,A*33:01,B*53:05,C*04:01,,,,,,,,,,0.003,,,,,,,,0.005,,,,,
813,A*33:01,B*57:02,C*18:01,,0.031,,,,,,,,,,,,,,0.005,,,,,,,
814,A*33:01,B*58:02,C*06:02,,,,,,,0.050,,,,,,,,,,,,,,,,
815,A*33:01,B*78:01,C*16:01,,,,0.023,,,,,,,,,,,,,,,,,,,
816,A*33:03,B*08:01,C*03:04,,,,,,,,,,,,,,,,,,,,,0.002,,
817,A*33:03,B*08:01,C*07:02,,,,,,,,,,,,,,,,,,,,0.002,,,
818,A*33:03,B*15:03,C*02:02,,,,,,,,,0.006,,,,,,,,,,,,,,
819,A*33:03,B*15:10,C*03:04,,,,,,,,,,,,,,,,,,,,,0.010,,
820,A*33:03,B*18:01,C*03:04,,,,0.011,,,,,,,,,,,,,,,,,,,
821,A*33:03,B*35:01,C*07:05,,,,,,,,,,,,,,,,,,,,0.002,,,
822,A*33:03,B*35:01,C*08:02,,,,,,,,,,,,,,,,,,,0.002,,,,
823,A*33:03,B*44:03,C*04:01,,,,,,,,,0.006,,,,,,,,,,,,,,
824,A*33:03,B*47:03,C*07:04,,,,,,,,,,,,,,,,,,,,0.002,,,
825,A*33:03,B*53:01,C*04:01,,,,,,,,,0.013,,0.014,0.012,,,,,,,,0.002,,,
826,A*33:03,B*53:01,C*04:07,,,,,,,,,,,,,,,,,,,,,0.002,,0.012
827,A*33:03,B*53:01,C*07:01,,,,,,,,,,,,,,,,,,,,,0.002,,
828,A*33:03,B*57:02,C*07:18,,,,,0.108,,,,,,,,,,,,,,,,,,
829,A*33:03,B*57:03,C*17:01,,,,,,,,,,,,,,,,,,,,,0.002,,
830,A*33:03,B*58:01,C*03:02,,,,,,,,,,,,,,,,0.005,,,,,0.005,,
831,A*33:03,B*58:01,C*07:01,,,,,,,,,,,,,,,,,,,,0.002,,,
832,A*33:03,B*58:02,C*04:01,,,,,,,,,,,,,,,,,,,,,0.002,,
833,A*33:03,B*58:02,C*07:01,,,,,,,,,,,,,,,,,,0.005,,,,,
834,A*33:03,B*78:01,C*16:01,,,,,,,,,,,,0.027,,,,,,,,,,,
835,A*34:01,B*44:03,C*03:03,,,,,,,,,,,,,,,,,,,,,0.002,,
836,A*34:01,B*58:01,C*03:02,,,,,,,,,0.006,,,,,,,,,,,,,,
837,A*34:01,B*81:01,C*04:01,,,,,,,,,,,,,,,,,,0.005,,,,,
838,A*34:02,B*07:02,C*07:02,,,,,,,,,,,,,,,,,,,,,0.003,,
839,A*34:02,B*08:01,C*07:01,,,,,,,,,,,0.011,,,,,,,,,,,,0.006
840,A*34:02,B*15:10,C*04:01,,,,,,,,0.007,,,,,,,,,,,,,,,
841,A*34:02,B*15:10,C*07:02,,,,,,,,,,0.003,,,,,,,,,,,,,
842,A*34:02,B*15:16,C*16:01,,,,,,,,,,0.009,,,,,,,,,,,,,
843,A*34:02,B*15:31,C*04:01,,,,,,,,,,,,,,,,,,,,0.002,,,
844,A*34:02,B*15:37,C*03:04,,,,,,,,,,,,,,,,0.005,,,,,,,
845,A*34:02,B*15:64,C*07:01,,,,,,,,,,,,,,,,,,,,0.002,,,
846,A*34:02,B*18:01,C*07:04,,,,,,,,,,,,,,,,,,,,,0.002,,
847,A*34:02,B*18:12,C*07:01,,,,,,,,,,,,,,,,,,,,0.002,,,
848,A*34:02,B*35:01,C*04:01,,,,,,,,,,,,,,,,,,,0.010,,,,
849,A*34:02,B*35:01,C*07:04,,,,,,,,,,,,,,,,,,,0.010,,,,
850,A*34:02,B*40:12,C*04:04,,,,,,0.031,,,,,,,,,,,,,0.006,0.008,,,
851,A*34:02,B*41:01,C*17:01,,,,,,,,,,,,,,,,,,,0.001,,,,
852,A*34:02,B*42:01,C*17:01,,,,,,,,,,,,,,,,0.005,,,,,,,
853,A*34:02,B*42:02,C*17:01,,0.031,,,0.036,,,,,,,,,,,,,,,,,,
854,A*34:02,B*44:03,C*04:01,,,,,,,,,0.020,,0.011,,,,,,,,,,0.016,,0.012
855,A*34:02,B*44:03,C*04:07,,,,,,,,,,,,,,,,,,,,,,,0.006
856,A*34:02,B*44:03,C*07:01,,,,,,,,,,,,,,,,,,0.005,,0.002,,,
857,A*34:02,B*44:03,C*16:01,,,,,,,,,,0.003,,,,,,,,,,,,,
858,A*34:02,B*45:01,C*06:02,,,,,,,,,,,,,,,,,,,,,0.005,,
859,A*34:02,B*49:01,C*07:01,,,,,,0.031,,,,,,,,,,,,,0.015,,,,
860,A*34:02,B*53:01,C*04:01,,,,,,,,,,,,0.019,,,,,,,0.002,0.004,0.005,,
861,A*34:02,B*53:01,C*06:02,,,,,,,,,,,,,,,,0.005,,,,,,,
862,A*34:02,B*53:04,C*17:01,,,,,,,,,,0.003,,,,,,,,,,,,,
863,A*34:02,B*53:05,C*16:01,,,,,,,,,,0.003,,,,,,,,,,,,,
864,A*34:02,B*57:03,C*07:01,,,,,,,,,,,,,,,,0.005,,0.010,,,,,
865,A*34:02,B*57:03,C*08:02,,,,,,,,,,,,,,,,,,,,,0.002,,
866,A*34:02,B*57:03,C*18:01,,,,,,,,,,,,,,,,,,,,,,0.012,
867,A*34:02,B*58:01,C*06:02,,,,,,,,,,,,,,,,,,0.005,,,,,
868,A*34:02,B*58:01,C*07:01,,,,,,,,,,,,,,,,,,0.005,0.003,0.004,,,
869,A*34:02,B*58:02,C*05:01,,0.031,,,,,,,,,,,,,,,,,,,,,
870,A*34:02,B*58:02,C*06:02,,,,,,,,0.007,,,,,,,,,,,,,,,0.006
871,A*34:02,B*81:01,C*02:02,,,,,,,,,,,,,,,,,,,0.002,,,,
872,A*34:02,B*81:01,C*08:04,,,,,,,,,,,,,,,,0.005,,,,0.002,,,
873,A*34:02,B*81:01,C*18:01,,,,,,,,,,,,,,,,,,,,0.002,,,
874,A*34:06,B*58:02,C*06:08,,,0.011,,,,,,,,,,,,,,,,,,,,
875,A*36:01,B*07:02,C*07:13,,,,,,,,,,0.003,,,,,,,,,,,,,
876,A*36:01,B*07:02,C*17:01,,,,,,,,,,0.003,,,,,,,,,,,,,
877,A*36:01,B*14:02,C*08:02,,,,,,,,,,,,,,,,0.005,,,,,,,
878,A*36:01,B*15:03,C*04:01,,,,,,,,,0.006,,,,,,,,,,,,,,
879,A*36:01,B*15:10,C*03:02,,,,,,,,,,0.003,,,,,,,,,,,,,
880,A*36:01,B*15:10,C*03:04,,,,,,,,,,,,,,,,,,,,0.002,0.007,,0.006
881,A*36:01,B*15:10,C*16:01,,,,,,,,,,,,,,,,,,,,,0.002,,
882,A*36:01,B*15:16,C*16:01,,,,,,,,,,,,,,,,,,0.010,,,,,
883,A*36:01,B*18:01,C*07:04,,,,,,,,,,,,,,,,,,0.005,,,,,
884,A*36:01,B*35:01,C*04:01,,,,,,,,,,,,,,,,0.005,,,,,0.002,,
885,A*36:01,B*35:01,C*18:01,,,,,,,,,,0.003,,,,,,,,,,,,,
886,A*36:01,B*39:01,C*12:03,,,,,,,,,,,,,,,,,,,,0.002,,,
887,A*36:01,B*42:01,C*04:01,,,,,,,,,,,,,,,,,,,,0.002,,,
888,A*36:01,B*44:03,C*04:01,,,,,,,,,,,,,,,,,,,,0.002,,,
889,A*36:01,B*45:01,C*16:01,,,,,,,,,,,,,,,,0.005,,,,0.002,,,
890,A*36:01,B*51:01,C*16:01,,,,,,,,,,,,,,,,0.005,,,,,,0.012,
891,A*36:01,B*53:01,C*04:01,,,0.011,,,0.031,0.050,,,,,,,0.023,,0.005,,0.039,0.013,0.019,0.010,0.023,0.006
892,A*36:01,B*53:01,C*04:07,,,,,,,,,,,,,,,,,,,,,0.007,,
893,A*36:01,B*53:01,C*16:01,,,,0.011,,,,,,,,,,,,,,,,,,,
894,A*36:01,B*53:02,C*18:01,,,,,,,,,,,,,,,,,,0.005,,,,,
895,A*36:01,B*53:05,C*02:02,,,,,,,,,,,,,,,,,,0.005,,,,,
896,A*36:01,B*53:05,C*04:01,,,,,,,,,,,,,,,,,,0.005,,,,,
897,A*36:01,B*81:01,C*18:01,,,,,,,,,,,,,,,,,,,,0.002,,,
898,A*43:01,B*14:01,C*08:04,,,,,,,,,0.006,,,,,,,,,,,,,,
899,A*43:01,B*14:02,C*06:02,,,,,,,,,0.006,,,,,,,,,,,,,,
900,A*43:01,B*14:02,C*08:02,,,,,,,,,,,,,,,,,,,,,,0.012,
901,A*43:01,B*15:03,C*18:02,,,,,,,,0.035,0.006,,,,,,,,,,,,,,
902,A*43:01,B*15:10,C*04:01,,,,,,,,,0.020,,,,,,,,,,,,,,
903,A*43:01,B*15:10,C*06:02,,,,,,,,,0.006,,,,,,,,,,,,,,
904,A*43:01,B*15:10,C*08:01,,,,,,,,,,,,,,,,,,,,,,,0.006
905,A*43:01,B*15:35,C*07:02,,,,,,,,0.007,,,,,,,,,,,,,,,
906,A*43:01,B*27:01,C*02:02,,,,,,,,,0.006,,,,,,,,,,,,,,
907,A*43:01,B*27:03,C*04:03,,,,,,,,,0.006,,,,,,,,,,,,,,
908,A*43:01,B*44:02,C*05:01,,,,,,,,0.007,,,,,,,,,,,,,,,
909,A*43:01,B*44:03,C*04:01,,,,,,,,,,,,,,,,,,,,,,,0.006
910,A*43:01,B*44:03,C*18:01,,,,,,,,,,,,,,,,,,,,,0.002,,
911,A*43:01,B*49:01,C*04:07,,,,,,,,,,,,,,,,,,,,,,,0.006
912,A*43:01,B*49:01,C*07:04,,,,,,,,,,,,,,,,,,,,,0.002,,
913,A*66:01,B*07:02,C*07:02,,,,,,,,,,0.003,,,,,,,,,,,,,0.006
914,A*66:01,B*07:12,C*07:02,,,,,,,,,,,,,,,,,,,,,0.002,,
915,A*66:01,B*08:01,C*17:01,,,,,0.036,,,,,,,,,,,,,,,,,,
916,A*66:01,B*08:05,C*07:01,,,,,,,,,,,,,,,,,,,,,0.002,,
917,A*66:01,B*13:02,C*15:05,,,,,,,,,,,,,,,,0.005,,,,,,,
918,A*66:01,B*15:10,C*03:04,,,,,,,,,,,,,,,,,,,,0.002,,,
919,A*66:01,B*15:21,C*04:03,,,,,,,,,0.006,,,,,,,,,,,,,,
920,A*66:01,B*15:37,C*03:04,,,,,,,,,,,,,,,,,,,,0.002,,,
921,A*66:01,B*18:01,C*05:01,,,,,,,,,,0.003,,,,,,0.005,,,,,,,
922,A*66:01,B*18:01,C*07:04,,,,,,,,,,,,,,,,,,0.005,,,,,
923,A*66:01,B*18:03,C*07:04,,,,,,,,0.007,,,,,,,,,,,,,,,
924,A*66:01,B*27:02,C*02:10,,,,,,,,0.007,,,,,,,,,,,,,,,
925,A*66:01,B*35:01,C*04:01,,,,,,,,,,,,,,,,,,,,0.004,,,
926,A*66:01,B*35:01,C*16:01,,,,,,,,,,,,,,,,0.005,,,,,,,
927,A*66:01,B*39:10,C*12:03,,,,,,,,,,,,,,,,,,,0.002,,,,
928,A*66:01,B*42:01,C*17:01,,,,,,,,,,,,,,,,,,,,,0.002,,
929,A*66:01,B*42:02,C*14:03,,,,,,,,,,,,,,,,0.005,,,,,,,
930,A*66:01,B*44:03,C*04:01,,,,,,,,,,,,,,,,,,,,,0.007,,
931,A*66:01,B*45:01,C*06:02,,,,,,,,,,,,,,,,,,,0.011,,,,
932,A*66:01,B*53:01,C*04:01,,,,,,,,,,,,,,,,,,,,,0.005,,
933,A*66:01,B*53:01,C*06:02,,,,,,,,,,,,,,,,,,0.005,0.004,0.006,,,
934,A*66:01,B*57:01,C*07:09,,,,,,,0.050,,,,,,,,,,,,,,,,
935,A*66:01,B*57:03,C*18:01,,,,,,,,,,,,,,,,,,0.005,0.004,,,,0.006
936,A*66:01,B*58:01,C*03:02,,,,,,,,,,,,,,,,,,,,,0.002,,
937,A*66:01,B*58:01,C*06:02,,0.031,,,,,,,,,,,,,,0.005,,0.005,,,,,
938,A*66:01,B*58:02,C*06:02,,,,,,,,,,,,,0.019,,,0.025,,,0.029,0.051,0.017,0.012,0.018
939,A*66:01,B*81:01,C*18:01,,,,,,,,,,,,,,,,,,,,0.004,,,
940,A*66:01,B*81:02,C*02:27,0.028,,,,,,,,,,,,,,,,,,,,,,
941,A*66:02,B*15:02,C*08:04,0.028,,,,,,,,,,,,,,,,,,,,,,
942,A*66:02,B*15:16,C*14:02,,,,,,,,,,,,,,,,,,,,0.002,,,
943,A*66:02,B*35:01,C*06:02,,,,,,,,,,,,,,,,,,,0.002,,,,
944,A*66:02,B*42:01,C*17:01,,,,,,,,,,,,,,,,,,,,,,,0.006
945,A*66:02,B*53:01,C*06:02,,,,,,,,,,,,,,,,,,,0.002,,,,
946,A*66:02,B*57:03,C*06:02,,,,,,,,,,,,,,,,0.005,,,,,,,
947,A*66:02,B*58:01,C*07:01,,,,,,,,,,,,,,,,0.005,,,,0.006,0.002,,
948,A*66:02,B*58:02,C*07:01,,,,,,,,,,,,,,,,,,,,0.002,,,
949,A*66:02,B*58:02,C*18:01,,,,,,,,,,,,,,,,0.005,,,,,,,
950,A*66:03,B*15:16,C*04:01,,,,,,,,,,0.003,,,,,,,,,,,,,
951,A*66:03,B*41:02,C*07:01,0.084,,,,,,,,,,,,,,,,,,,,,,
952,A*66:03,B*51:02,C*16:01,0.028,,,,,,,,,,,,,,,,,,,,,,
953,A*66:03,B*53:01,C*04:01,,,,,,,,,,,,,,,,,,,,,0.002,,
954,A*68:01,B*07:02,C*07:02,,,,,,,,0.014,0.006,,,,,,,,,,,0.002,,,
955,A*68:01,B*08:01,C*03:03,,,,,,,,,,0.003,,,,,,,,,,,,,
956,A*68:01,B*08:01,C*07:02,,,,,,,,,,,,,,,,,,,,0.002,,,
957,A*68:01,B*14:02,C*08:02,,,,,,,,,,,,,,,,,,,,,,,0.006
958,A*68:01,B*15:01,C*02:10,,,,0.011,,,,,,,,,,,,,,,,,,,
959,A*68:01,B*15:03,C*02:02,,,,,,,,,,0.003,,,,,,,,,,,,,
960,A*68:01,B*15:03,C*04:01,,,,0.011,,,,,,,,,,,,,,,,,,,
961,A*68:01,B*15:10,C*06:02,,,,,,,,0.014,,,,,,,,,,,,,,,
962,A*68:01,B*18:01,C*05:01,,,,,,,,,,0.003,,,,,,,,,,,,,
963,A*68:01,B*18:01,C*07:01,,,,,,,,,,,,,,,,,,,0.004,,,,
964,A*68:01,B*40:16,C*08:02,,,,,,,,,,,,,,,,,,,,0.004,,,
965,A*68:01,B*41:02,C*17:01,,,,,,,,,,,,,,,,,,0.005,,,,,
966,A*68:01,B*42:01,C*07:01,,,,,,,,,,0.003,,,,,,,,,,,,,
967,A*68:01,B*42:01,C*16:01,,,,,,,,,,,,,,,,0.005,,,,,,,
968,A*68:01,B*42:01,C*17:01,,,,,,,,,,,,,,,,,,,,,,,0.012
969,A*68:01,B*42:02,C*17:01,,,,,,,,,,,,,,,,,,,,0.004,,,
970,A*68:01,B*44:03,C*02:10,,,,,,,,0.014,,,,,,,,,,,,,,,
971,A*68:01,B*44:03,C*07:01,,,,,,,,,,,,,,,,,,,,,0.003,,
972,A*68:01,B*45:01,C*16:01,,,,,,,,,,,,,,,,,,,,,0.002,,
973,A*68:01,B*47:01,C*06:02,,,,,,,,,0.006,,,,,,,,,,,,,,
974,A*68:01,B*51:01,C*16:01,,,,,,,,,,,,,,,,,,0.010,,,,,
975,A*68:01,B*51:01,C*16:04,,,,,,0.031,,,,,,,,,,,,,,,,,
976,A*68:01,B*52:01,C*16:01,,,,,,,,,,0.012,,,,,,,,,,,,,
977,A*68:01,B*53:01,C*04:01,,,,,,,,,,0.003,,,,,,,,,,,,,
978,A*68:01,B*57:01,C*12:02,,,,,,,,,0.006,,,,,,,,,,,,,,
979,A*68:01,B*57:03,C*07:01,,,,,,,,,,,,,,,,,,,0.002,0.002,,,
980,A*68:01,B*58:01,C*03:02,,,,,,,,,,0.009,,,,,,,,,,,,,
981,A*68:01,B*58:01,C*03:05,,,,,,,,,,0.012,,,,,,,,,,,,,
982,A*68:01,B*58:01,C*07:01,,,,,,,,,,,,,,,,,,,,0.002,,,
983,A*68:01,B*58:02,C*06:02,,,,,,,,0.021,0.006,,0.014,,,,,,,,,,0.005,,0.018
984,A*68:01,B*58:02,C*06:11,0.028,,,,,,,,,,,,,,,,,,,,,,
985,A*68:01,B*58:02,C*12:03,,,,,,,,0.007,0.006,,,,,,,,,,,,,,
986,A*68:01,B*81:01,C*18:01,,,,,,,,,,,,,,,,,,,,,0.002,,
987,A*68:01,B*82:02,C*03:02,,,,,,,,,0.006,,,,,,,,,,,,,,
988,A*68:01,B*82:02,C*06:02,,,,,,,,,0.006,,,,,,,,,,,,,,
989,A*68:02,B*07:02,C*07:02,,,,,,,,,0.013,,,,0.015,0.023,,0.010,,0.024,0.002,0.011,0.026,0.023,0.006
990,A*68:02,B*07:02,C*07:10,,,,,,,,,0.006,,,,,,,,,,,,,,
991,A*68:02,B*07:02,C*15:02,,,,,,,,,,,,,,,,,,,0.002,,,,
992,A*68:02,B*07:55,C*07:03,,0.031,,,,,,,,,,,,,,,,,,,,,
993,A*68:02,B*08:01,C*07:01,,,,,,,,,,,,,,,,,,0.005,,,0.003,,
994,A*68:02,B*08:01,C*07:02,,,,0.011,,,,,,,,,,,,0.005,,,,,,,
995,A*68:02,B*08:01,C*07:04,,,,,,,,,,,,,,,,,,,0.003,,,,
996,A*68:02,B*13:02,C*06:02,,,,,,,,,,,,,,,,,,,0.010,,,,
997,A*68:02,B*13:03,C*06:02,,,,,,,,,,,,,,,,,,,0.006,,,,
998,A*68:02,B*14:01,C*08:02,,,,,,,,,,,,,,,,,,,,,0.002,0.012,0.006
999,A*68:02,B*14:02,C*03:04,,,,,,,,,,,,,,,,,,,,0.002,,,
1000,A*68:02,B*14:02,C*08:02,,,,,,,,,0.013,,,,,,,0.010,,,,0.004,0.007,0.012,
1001,A*68:02,B*15:03,C*02:02,,,,,,,,,,0.003,,,,,,,,,,0.006,0.002,,
1002,A*68:02,B*15:03,C*03:04,,,,0.011,,,,,,,,,,,,,,,,,,,
1003,A*68:02,B*15:03,C*04:01,,,,,,,,,0.040,,,,,,,,,,0.006,,,,
1004,A*68:02,B*15:10,C*03:04,,,,0.023,,,,,,0.018,,,0.012,,,0.020,,0.010,0.015,0.013,0.016,,0.018
1005,A*68:02,B*15:10,C*08:01,,,,,,,,,,,,,,,,,,,,,,,0.024
1006,A*68:02,B*15:10,C*17:01,,,0.011,,,,,,,,,,,,,,,,,,,,
1007,A*68:02,B*15:16,C*03:04,,,,,,,,,,,,,,,,,,,,,,,0.012
1008,A*68:02,B*15:16,C*14:02,,,,,,,,,,,,,,,,0.005,,,,,,,
1009,A*68:02,B*15:16,C*14:03,,,,,,,,,,,,,,,,,,,,,0.002,,
1010,A*68:02,B*15:18,C*03:04,,,,,,,,,,,,,,,,,,,,,0.002,,
1011,A*68:02,B*15:31,C*04:07,,,,,,,,,,,,,,,,0.005,,,,,,,
1012,A*68:02,B*15:55,C*04:07,,,,,,,,,,,,,,,,,,0.005,,,,,
1013,A*68:02,B*18:01,C*02:02,,,,,,,,,,,,,,,,0.005,,,,,0.002,,
1014,A*68:02,B*18:01,C*05:01,,,,,,,,,,,,,,,,,,,,0.004,,,
1015,A*68:02,B*18:01,C*07:01,,,,,,,,,,,,,,,,,,,,,,,0.006
1016,A*68:02,B*18:01,C*07:02,,,,,,,,,,,,,,,,,,,,,0.002,,
1017,A*68:02,B*18:01,C*08:02,,,,,,,,,,,,,,,,,,,,,,,0.006
1018,A*68:02,B*18:01,C*15:05,,,,,,,,,0.006,,,,,,,,,,,,,,
1019,A*68:02,B*18:01,C*16:01,,,,,,,,,,,,,,,,,,0.005,,,,,
1020,A*68:02,B*18:02,C*06:02,0.028,,,,,,,,,,,,,,,,,,,,,,
1021,A*68:02,B*27:03,C*02:02,,,,,,,,,,,,,,,,,,,0.004,0.002,,,
1022,A*68:02,B*35:01,C*06:02,,,,,,,,,,,,,,,,,,,0.002,,,,
1023,A*68:02,B*35:01,C*16:01,,,,0.011,,,,,,,,,,,,,,,,,,,
1024,A*68:02,B*35:01,C*18:01,,,,,,,,,,,,,,,,,,0.005,,,,,
1025,A*68:02,B*35:02,C*04:01,,,,,,,,,,,,,,,,,,,0.002,,,,
1026,A*68:02,B*39:10,C*15:23,,,,,,,,0.007,,,,,,,,,,,,,,,
1027,A*68:02,B*40:04,C*02:02,,,,,,,,,0.006,,,,,,,,,,,,,,
1028,A*68:02,B*41:01,C*07:01,,,,,,,,,,,,,,,,,,,,,0.002,,
1029,A*68:02,B*41:01,C*17:01,,,,,,,,,,,,,,,,,,,0.005,,,,
1030,A*68:02,B*41:01,C*17:02,,,,,,0.063,,,,,,,,,,,,,,,,,
1031,A*68:02,B*41:01,C*17:03,,,,,,,,0.014,,,,,,,,,,,,,,,
1032,A*68:02,B*41:02,C*17:01,,,,,,,,,,,,,,,,,,,0.004,,,,
1033,A*68:02,B*41:03,C*17:01,,,,,,,,,,,,,,,,,,0.005,,,,,
1034,A*68:02,B*42:01,C*04:01,,,,,,,,,,,,,,,,,,,,0.002,,,
1035,A*68:02,B*42:01,C*17:01,,,,,,,,,,,,,,,,,,,0.002,,,,
1036,A*68:02,B*42:01,C*17:03,,,,,,,,,0.013,,,,,,,,,,,,,,
1037,A*68:02,B*44:03,C*02:10,,,,,,,,0.007,,,,,,,,,,,,,,,
1038,A*68:02,B*44:03,C*04:01,,,,,,0.031,,0.021,,,,,,,,,,0.005,,,0.005,,
1039,A*68:02,B*44:03,C*07:31,,,,,,,,0.007,,,,,,,,,,,,,,,
1040,A*68:02,B*44:03,C*08:02,,,,,,,,,,0.003,,,,,,,,,,,,,
1041,A*68:02,B*44:03,C*16:01,,,,,,,,0.007,,,,,,,,,,,,,,,
1042,A*68:02,B*44:05,C*16:01,,,,,,,,0.007,,,,,,,,,,,,,,,
1043,A*68:02,B*45:01,C*04:01,,,,,,,,,,0.003,,,,,,,,,,,,,
1044,A*68:02,B*45:01,C*14:02,,,,,,,,,,,,,,,,,,,,0.002,,,
1045,A*68:02,B*45:01,C*16:01,,,,,,,,,,,,,,,,,,,0.002,0.002,0.003,,
1046,A*68:02,B*47:03,C*07:01,,,,,,,,,,,,,,,,0.010,,0.015,0.002,0.007,,,
1047,A*68:02,B*49:01,C*07:01,,,,,,,0.050,,,,,,,,,,,,0.007,,,,
1048,A*68:02,B*51:01,C*15:02,,,,,,,,,,,,,,,,,,,0.002,,,,
1049,A*68:02,B*51:01,C*16:01,,,,,,,,,,,,,,,,,,0.005,,,,,
1050,A*68:02,B*53:01,C*04:01,,,,0.011,,,0.100,,,0.018,,0.027,,,,,,0.010,0.010,0.006,0.007,,
1051,A*68:02,B*53:01,C*04:07,,,,,,,,,,,,,,,,,,,,,0.002,,
1052,A*68:02,B*53:01,C*06:02,,,,,,,,,,0.003,,,,,,,,,0.004,0.011,,,
1053,A*68:02,B*53:01,C*18:01,,,,,,,,,,0.003,,,,,,,,,,,,,
1054,A*68:02,B*53:05,C*16:01,,,,,,,,,,0.003,,,,,,,,,,,,,
1055,A*68:02,B*56:01,C*01:02,,,,,,,,,,,,,,,,,,0.005,,,,,
1056,A*68:02,B*57:01,C*07:01,,,,,,,,,,,,,,,,,,,0.006,,0.005,,
1057,A*68:02,B*57:01,C*17:01,,,,,,,,,,0.003,,,,,,,,,,,,,
1058,A*68:02,B*57:02,C*03:10,,,,,,,,,,,,,,,,,,0.005,,,,,
1059,A*68:02,B*57:02,C*07:01,,,,,,,,,,,,,,,,,,0.005,,,,,
1060,A*68:02,B*57:02,C*18:01,,,,,,,,,,,,,,,,,,,,,0.005,,
1061,A*68:02,B*58:01,C*03:02,,,,,,,,,,0.012,,,,,,,,,,0.002,,,
1062,A*68:02,B*58:01,C*06:02,,,,,,,,,0.006,,,,,,,,,,,,,,
1063,A*68:02,B*58:01,C*07:01,,,,,,,,,,,,,,,,,,0.005,0.018,,0.005,,
1064,A*68:02,B*78:01,C*16:01,,,,,,,,,,,,0.012,,,,,,,,,,,
1065,A*68:02,B*81:01,C*18:01,,,,,,,,,,,,,,,,,,,,0.002,0.002,,
1066,A*68:02,B*82:01,C*03:02,,,,,,,,,,,,,,,,,,0.005,,,,,
1067,A*68:15,B*15:02,C*02:02,,0.031,,,,,,,,,,,,,,,,,,,,,
1068,A*68:15,B*44:02,C*14:02,,0.031,,,,,,,,,,,,,,,,,,,,,
1069,A*68:15,B*53:02,C*16:01,0.028,,,,,,,,,,,,,,,,,,,,,,
1070,A*68:27,B*44:03,C*04:01,,,,,,,,,0.020,,,,,,,,,,,,,,
1071,A*68:31,B*14:01,C*03:04,0.028,,,,,,,,,,,,,,,,,,,,,,
1072,A*68:31,B*39:10,C*12:02,,,,,,,0.050,,,,,,,,,,,,,,,,
1073,A*74:01,B*07:02,C*07:02,,0.063,,,,,,,,,,,,,,,,0.005,,,,,
1074,A*74:01,B*08:01,C*07:01,,,0.011,,,,,,,0.003,,,,,,,,,,,,,
1075,A*74:01,B*08:01,C*07:02,,,0.011,,,,,,,,,,,,,,,,,,,,
1076,A*74:01,B*13:02,C*06:02,,,,,,,,,,,,,,,,,,,,,0.002,,
1077,A*74:01,B*13:02,C*07:01,,,,,,,,,,,,,,,,,,,0.002,,,,
1078,A*74:01,B*14:01,C*08:01,,,,,,,,,,,,,,,,,,,,,0.002,,
1079,A*74:01,B*14:01,C*08:02,,,,,,,,,,,,,,,,,,,,0.002,,,
1080,A*74:01,B*14:02,C*08:02,,,,,,,,,,,,,,,,,,,,0.015,,,
1081,A*74:01,B*15:03,C*02:02,,,0.011,,,,,,,0.012,0.011,0.015,0.025,0.023,,,,,0.004,0.019,0.007,0.023,0.006
1082,A*74:01,B*15:03,C*02:10,,,,0.011,,,,0.014,,,,,,,,0.025,,,,,,,
1083,A*74:01,B*15:10,C*04:01,,,,,,,,,0.006,,,,,,,,,,,,,,
1084,A*74:01,B*15:16,C*03:02,,,,,,,,,,,,,,,,,,,,,0.002,,
1085,A*74:01,B*15:16,C*03:04,,,,,,,,,,0.003,,,,,,,,,,,,,
1086,A*74:01,B*18:03,C*02:10,,,,,,,,,,,,,,,,0.005,,,,,,,
1087,A*74:01,B*35:01,C*04:01,,,,,,,,,0.006,,,,,,,0.010,,0.010,0.002,0.011,0.002,,
1088,A*74:01,B*35:01,C*04:07,,,,,,,,,,,,,,,,,,,,,,,0.012
1089,A*74:01,B*35:01,C*05:01,,,,,,,,,0.006,,,,,,,,,,,,,,
1090,A*74:01,B*39:10,C*18:01,,,,,,,,,,,,,,,,,,,,0.002,,,
1091,A*74:01,B*41:01,C*03:02,,,,,,,,,,,,,,,,0.005,,,,,,,
1092,A*74:01,B*41:01,C*17:01,,,,,,,,,,,,,,,,0.005,,,,,,,
1093,A*74:01,B*42:02,C*17:01,,,,0.011,,,,,,,,,,,,,,,,,,,
1094,A*74:01,B*44:03,C*04:01,,,,,,,,,,,,,,,,,,,,,0.005,,
1095,A*74:01,B*44:03,C*07:01,,,,,,,,,,,,,,,,,,,,0.004,,,
1096,A*74:01,B*44:03,C*12:02,,,0.011,,,,,,,,,,,,,,,,,,,,
1097,A*74:01,B*44:03,C*17:01,,,0.046,,,,,,,,,,,,,,,,,,,,
1098,A*74:01,B*44:43,C*17:01,,,0.011,,,,,,,,,,,,,,,,,,,,
1099,A*74:01,B*45:01,C*16:01,,,,,,,,,,,,,,,,,,0.015,,,,,
1100,A*74:01,B*49:01,C*07:01,,,,,,0.031,,,,0.003,,,,,,,,0.015,,,,,
1101,A*74:01,B*49:01,C*07:02,,,,,,,0.100,,,,,,,,,,,,,,,,
1102,A*74:01,B*50:01,C*06:02,,,,,,,,,,,,,,,,,,,,0.002,,,
1103,A*74:01,B*51:01,C*16:01,,,,,,,,,,0.003,,,,,,,,,,,,,
1104,A*74:01,B*52:01,C*16:01,,,,0.023,,,,,,0.009,,,,,,,,,,,,,
1105,A*74:01,B*53:01,C*02:02,,,,,,,,,,,,,,,,,,,,,0.002,,
1106,A*74:01,B*53:01,C*04:01,,,,,,,,,,,,,,,,0.020,,0.005,,,,,
1107,A*74:01,B*53:01,C*17:01,,,,,,,,,,0.003,,,,,,,,,,,,,
1108,A*74:01,B*53:02,C*04:01,,0.031,,,,,,,,,,,,,,,,,,,,,
1109,A*74:01,B*57:01,C*07:01,,,,,,,,,,0.003,,,,,,,,,,,,,
1110,A*74:01,B*57:03,C*07:01,,,,,,,,,,,,,,,,,,,,,,,0.018
1111,A*74:01,B*58:01,C*03:02,,,,,,,,,0.006,,,,,,,,,,,,,,
1112,A*74:01,B*58:01,C*06:02,,,,,,,,,,,,,,,,,,0.019,0.002,,,,
1113,A*74:01,B*58:01,C*07:01,,,,,,,,,,,,,,,,,,,,,,,0.006
1114,A*74:01,B*58:02,C*06:02,,,,,,,,,,,,,,,,0.025,,0.029,0.004,0.010,,,
1115,A*74:01,B*58:02,C*07:01,,,,,,,,,,,,,,,,,,,,,0.002,,
1116,A*74:01,B*81:01,C*04:01,,,,,,,,,,,,,,,,,,,0.002,0.003,,,
1117,A*74:01,B*81:01,C*08:04,,,,,,,,,,,,,,,,,,,,0.004,,,
1118,A*74:01,B*82:01,C*03:02,,,,,,,,,,,,,,,,,,,,0.004,,,
1119,A*74:01,B*82:01,C*03:04,,,,,,,,,,,,,,,,,,,,0.002,,,
1120,A*74:03,B*07:02,C*07:02,,,,,,,,,,,,,,,,0.005,,,,,,,
1121,A*74:03,B*44:03,C*07:27,,,,,,,,,,,,,,,,0.005,,,,,,,
1122,A*74:03,B*47:01,C*06:98,,,,,,,,,,,,,,,,0.005,,,,,,,
1123,A*74:03,B*58:01,C*17:01,,,,,,,,,,,,,,,,,,0.005,,,,,
1124,A*74:03,B*58:02,C*06:02,,,,,,,,,,,,,,,,0.020,,,,,,,
1125,A*74:03,B*81:01,C*04:01,,,,,,,,,,,,,,,,0.015,,,,0.011,,,
1126,A*74:03,B*82:01,C*03:02,,,,,,,,,,,,,,,,,,,,0.011,,,
1127,A*80:01,B*13:02,C*06:02,,,,,,,,,,,,,,,,,,,,,,,0.006
1128,A*80:01,B*18:01,C*02:02,,,,,,,,,,0.021,,,,,,,,,,,,,0.030
1129,A*80:01,B*18:01,C*04:01,,,,,,,,,,,,,,,,,,,,,0.002,,
1130,A*80:01,B*35:01,C*04:01,,,,,,,,,,0.003,,,,,,,,,,,,,
1131,A*80:01,B*45:01,C*06:02,,,,,,,,,,,,,,,0.042,,,,,,,,
1132,A*80:01,B*53:01,C*18:01,,,,,,,,,,0.003,,,,,,,,,,,,,
1133,A*80:01,B*57:02,C*18:01,,,,,,,,,,,,,,0.023,,,,,,,,0.023,
1134,A*80:01,B*57:03,C*04:01,,,,,,,,,,0.003,,,,,,,,,,,,,
,,,,,,,,,,,,,,,,,,,,,,,,,,
,,,,,,,,,,,,,,,,,,,,,,,,,,
